Timestamp,Machine_ID,Target_Temp_C,Production_Speed_Mmin,Sensor_Temp_C,Paper_Grade,Status
2026-03-01 00:00:00,MAQ-03,170,607.458012510604,173.29716674564006,Standard,Running
2026-03-01 00:04:00,MAQ-01,160,605.9342917319361,172.73275579636385,Eco,Running
2026-03-01 00:08:00,MAQ-03,170,591.5 m/min,166.44279498868616,Standard,Running
2026-03-01 00:12:00,MAQ-03,170,603.5920940045784,169.5210193182633,Standard,Running
2026-03-01 00:16:00,MAQ-01,170,32.81929296923836,150.7558832311403,Standard,Idle
2026-03-01 00:20:00,MAQ-01,170,49.48782067046673,134.22433891060683,Standard,Idle
2026-03-01 00:24:00,MAQ-03,170,22.22641265250798,122.08852883196863,Standard,Idle
2026-03-01 00:28:00,MAQ-02,170,587.1870232652315,128.50476010972267,Standard,Running
2026-03-01 00:32:00,MAQ-03,170,582.6227024494871,132.28339887555262,Standard,Running
2026-03-01 00:36:00,MAQ-03,160,580.5211648667884,130.9242563624182,Eco,Running
2026-03-01 00:40:00,MAQ-03,170,605.7944257286726,147.95665052611213,Standard,Running
2026-03-01 00:44:00,MAQ-03,170,601.4769932522678,154.75791049555176,Standard,Running
2026-03-01 00:48:00,MAQ-01,175,595.161888684589,160.65814650104377,Top Coated,Running
2026-03-01 00:52:00,MAQ-03,170,596.6854370227536,161.8169873744059,Standard,Running
2026-03-01 00:56:00,MAQ-02,170,21.481143194842208,148.479841746461,Std,Idle
2026-03-01 01:00:00,MAQ-01,175,598.3543692899141,154.6256385055909,Top Coated,Running
2026-03-01 01:04:00,MAQ-02,170,586.5944681999617,151.94653672220775,Standard,Running
2026-03-01 01:08:00,MAQ-02,170,609.130002202743,159.42364278660594,Standard,Running
2026-03-01 01:12:00,MAQ-02,170,603.041261706698,164.35699575499444,Standard,Running
2026-03-01 01:16:00,MAQ-02,170,602.6589847981385,168.20824051355086,Standard,Running
2026-03-01 01:20:00,MAQ-01,170,608.3756270335837,171.2714933191019,Standard,Running
2026-03-01 01:24:00,MAQ-01,170,591.8635464394033,,Standard,Running
2026-03-01 01:28:00,MAQ-02,160,612.1373143772585,174.88692644141403,eco,Overheating
2026-03-01 01:32:00,MAQ-02,170,598.5995714805777,173.746142881404,Standard,Running
2026-03-01 01:36:00,MAQ-01,170,608.8859888033087,176.98212337546647,Standard,Running
2026-03-01 01:40:00,MAQ-01,170,607.3444903348766,176.68146985906833,Standard,Running
2026-03-01 01:44:00,MAQ-01,170,589.6119817199744,170.63173399832436,Standard,Running
2026-03-01 01:48:00,MAQ-03,170,605.0290040491413,173.5117200927133,Standard,Running
2026-03-01 01:52:00,MAQ-03,170,603.2627467084668,173.0478449900912,Standard,Running
2026-03-01 01:56:00,MAQ-03,170,600.3031165749434,172.8358050208857,Standard,
2026-03-01 02:00:00,MAQ-02,170,599.0562824996462,169.6613160957667,Standard,Running
2026-03-01 02:04:00,MAQ-03,160,599.1410675028221,166.4518467470561,Eco,Running
2026-03-01 02:08:00,MAQ-02,170,703.6806264602698,199.69636146301215,Standard,Safety_Stop
2026-03-01 02:12:00,MAQ-02,160,689.3085389230773,190.68940493678028,eco,Safety_Stop
2026-03-01 02:16:00,MAQ-03,170,600.3047885026566,,Standard,Overheating
2026-03-01 02:20:00,MAQ-02,160,585.0806385352862,174.38773926096397,Eco,Overheating
2026-03-01 02:24:00,MAQ-03,170,604.9444341408362,175.35274752323946,Standard,Running
2026-03-01 02:28:00,MAQ-03,170,607.2361361917777,177.9431402197684,Std,Running
2026-03-01 02:32:00,MAQ-01,170,18.137680019957603,,Standard,Idle
2026-03-01 02:36:00,MAQ-03,170,610.7543306310504,176.49094955892332,Standard,Running
2026-03-01 02:40:00,MAQ-01,170,581.0082361208454,165.29849157148496,Standard,Running
2026-03-01 02:44:00,MAQ-03,170,600.7842939901864,168.42277580405195,Standard,Running
2026-03-01 02:48:00,MAQ-03,170,618.1137502866499,179.00563187812315,Standard,Running
2026-03-01 02:52:00,MAQ-01,170,606.2354885690164,180.73217611453583,Standard,Running
2026-03-01 02:56:00,MAQ-01,170,603.2865216037321,,Standard,
2026-03-01 03:00:00,MAQ-03,170,609.0022865891524,181.65112258302406,Standard,Running
2026-03-01 03:04:00,MAQ-02,170,593.776218050092,173.8299624022964,Standard,Running
2026-03-01 03:08:00,MAQ-01,170,604.7808999662745,173.86812023839045,Standard,Running
2026-03-01 03:12:00,MAQ-02,170,34.231309713248315,150.89227853852412,Standard,Idle
2026-03-01 03:16:00,MAQ-02,175,599.8037651418953,157.90138711622117,Top Coated,
2026-03-01 03:20:00,MAQ-02,170,608.284545156951,160.8915263457701,Standard,Running
2026-03-01 03:24:00,MAQ-01,170,590.7328689750782,156.96827256855076,Standard,Running
2026-03-01 03:28:00,MAQ-02,170,612.8798247380194,168.70154844226744,Standard,Running
2026-03-01 03:32:00,MAQ-01,175,595.7718803891446,166.74877003487947,Top Coated,Running
2026-03-01 03:36:00,MAQ-02,170,602.6066283315041,169.29449929218674,Standard,Running
2026-03-01 03:40:00,MAQ-03,170,585.9949203972506,162.68826883003743,Std,Running
2026-03-01 03:44:00,MAQ-03,170,607.1983729087138,169.8674760598708,Standard,Running
2026-03-01 03:48:00,MAQ-01,170,614.4650393594658,176.3293734166388,Standard,Running
2026-03-01 03:52:00,MAQ-03,170,594.8535845078185,169.83860596874277,Standard,Running
2026-03-01 03:56:00,MAQ-03,160,588.897766134904,161.23763548198386,Eco,Running
2026-03-01 04:00:00,MAQ-02,175,602.779830647427,167.2480518722284,Top Coated,Running
2026-03-01 04:04:00,MAQ-01,170,614.5481064499174,175.21212848884093,Standard,Running
2026-03-01 04:08:00,MAQ-02,170,585.5014343451909,167.8651848888806,Standard,Running
2026-03-01 04:12:00,MAQ-02,175,588.9369181877166,164.29244348337605,Top Coated,Running
2026-03-01 04:16:00,MAQ-02,170,595.4581044168848,160.72359461515592,Standard,Running
2026-03-01 04:20:00,MAQ-02,170,591.796561754693,157.92546037853188,Standard,Running
2026-03-01 04:24:00,MAQ-02,170,591.82814533391,159.5897299615151,Standard,Running
2026-03-01 04:28:00,MAQ-02,170,579.0587937233622,152.52655361939364,Standard,Running
2026-03-01 04:32:00,MAQ-02,170,605.8905694740587,159.22472450697717,Std,Running
2026-03-01 04:36:00,MAQ-01,170,603.3872050286964,164.32773642838723,Standard,Running
2026-03-01 04:40:00,MAQ-03,175,583.0115080019635,158.7781430116474,Top Coated,Running
2026-03-01 04:44:00,MAQ-02,175,614.5719575995624,170.80983021046583,Top Coated,Running
2026-03-01 04:48:00,MAQ-02,170,616.8109231493049,176.04493193166832,Standard,Running
2026-03-01 04:52:00,MAQ-02,170,592.4909445021989,170.89708999483713,Standard,Running
2026-03-01 04:56:00,MAQ-02,175,611.66548590977,175.70587304965173,Top Coated,Running
2026-03-01 05:00:00,MAQ-02,160,594.2700219500905,166.5435363582278,Eco,Running
2026-03-01 05:04:00,MAQ-02,170,601.8111651021106,167.04486331055844,Standard,Running
2026-03-01 05:08:00,MAQ-03,175,14.783251963580957,144.1265406017319,Top Coated,Idle
2026-03-01 05:12:00,MAQ-03,160,622.1 m/min,159.89269557710548,eco,Running
2026-03-01 05:16:00,MAQ-02,170,690.928522198835,,Standard,Safety_Stop
2026-03-01 05:20:00,MAQ-03,170,601.2644902282346,188.87258176963252,Standard,Overheating
2026-03-01 05:24:00,MAQ-01,170,593.1206261253617,178.3224427712152,Standard,Running
2026-03-01 05:28:00,MAQ-02,170,618.613155972364,185.77252838818166,Std,Overheating
2026-03-01 05:32:00,MAQ-01,170,618.9 m/min,189.42486579043273,Standard,Overheating
2026-03-01 05:36:00,MAQ-01,160,616.3092918126295,190.4957393895061,Eco,Overheating
2026-03-01 05:40:00,MAQ-02,170,609.5644034834762,189.609635430849,Standard,Overheating
2026-03-01 05:44:00,MAQ-03,170,593.7521045306595,180.86603951886553,Standard,Running
2026-03-01 05:48:00,MAQ-01,170,608.2785009596241,182.68572862856016,Standard,Running
2026-03-01 05:52:00,MAQ-02,170,599.9295720107526,179.12452797631883,Standard,Running
2026-03-01 05:56:00,MAQ-01,175,613.1240862174263,185.67640362150863,Top Coated,Running
2026-03-01 06:00:00,MAQ-01,170,611.1590205336536,183.3927172148461,Standard,Running
2026-03-01 06:04:00,MAQ-01,170,593.5073442192407,173.3881813402959,Standard,Running
2026-03-01 06:08:00,MAQ-01,170,609.4782580283721,178.5262062752443,Standard,Running
2026-03-01 06:12:00,MAQ-03,170,606.8203445004393,179.37679645927747,Standard,Running
2026-03-01 06:16:00,MAQ-01,170,572.2643713708655,161.61284121743358,Std,Running
2026-03-01 06:20:00,MAQ-01,170,30.69897281366969,148.59580054148952,Standard,Idle
2026-03-01 06:24:00,MAQ-01,170,595.682042113598,,Standard,Running
2026-03-01 06:28:00,MAQ-03,170,591.1395754566832,150.14176750035114,Standard,Running
2026-03-01 06:32:00,MAQ-01,170,591.5673939570626,150.48018398401217,Standard,Running
2026-03-01 06:36:00,MAQ-01,170,598.6475710436797,154.68563699429262,Standard,Running
2026-03-01 06:40:00,MAQ-03,175,604.8005958008669,163.7960862192787,Top Coated,Running
2026-03-01 06:44:00,MAQ-03,170,586.3453797780782,159.1025972673338,Standard,Running
2026-03-01 06:48:00,MAQ-03,170,601.8984783621246,160.75709280038424,Standard,Running
2026-03-01 06:52:00,MAQ-01,170,605.7675806619308,165.15586556178854,Standard,Running
2026-03-01 06:56:00,MAQ-03,170,30.998428243708208,155.16279987287405,Standard,Idle
2026-03-01 07:00:00,MAQ-03,170,18.18226794597248,132.74301840093568,Standard,Idle
2026-03-01 07:04:00,MAQ-01,170,596.503878132222,143.20619930253866,Standard,Running
2026-03-01 07:08:00,MAQ-03,175,602.6166297269648,,Top Coated,Running
2026-03-01 07:12:00,MAQ-01,170,611.474093301916,163.45676484491176,Standard,Running
2026-03-01 07:16:00,MAQ-02,170,596.9577611882819,165.2196875675889,Standard,Running
2026-03-01 07:20:00,MAQ-03,170,611.9864137199105,175.18731434334052,Standard,Running
2026-03-01 07:24:00,MAQ-02,175,580.6263768352354,165.6798748287691,Top Coated,Running
2026-03-01 07:28:00,MAQ-01,170,587.5 m/min,162.23825037996926,Standard,Running
2026-03-01 07:32:00,MAQ-03,170,603.4864434433422,167.04273899632946,Standard,Running
2026-03-01 07:36:00,MAQ-01,170,585.8917550191212,164.41821197299825,Standard,Running
2026-03-01 07:40:00,MAQ-02,170,588.2552947323328,158.0709870662369,Standard,Running
2026-03-01 07:44:00,MAQ-01,170,594.7222313575406,159.0286989812364,Standard,Running
2026-03-01 07:48:00,MAQ-03,160,607.7143899191583,162.83088557163163,Eco,Running
2026-03-01 07:52:00,MAQ-03,170,581.0403515869272,156.5290597996031,Standard,Running
2026-03-01 07:56:00,MAQ-02,170,601.702983621624,159.67024363911875,Standard,Running
2026-03-01 08:00:00,MAQ-01,170,610.329639471528,,Standard,Running
2026-03-01 08:04:00,MAQ-03,170,598.0505479157105,171.12871587127947,Standard,Running
2026-03-01 08:08:00,MAQ-02,170,596.3116977040746,166.57682747769334,Standard,Running
2026-03-01 08:12:00,MAQ-03,170,604.0177128255857,170.21067842261155,Standard,Running
2026-03-01 08:16:00,MAQ-03,170,598.0788894727856,168.45306078272225,Standard,Running
2026-03-01 08:20:00,MAQ-01,170,613.9 m/min,176.41041427652607,Std,Running
2026-03-01 08:24:00,MAQ-03,170,588.9 m/min,166.72074535128343,Std,Running
2026-03-01 08:28:00,MAQ-01,170,599.4835584483492,167.11557173882187,Standard,Running
2026-03-01 08:32:00,MAQ-03,170,602.0568637496068,168.61241003692052,Std,Running
2026-03-01 08:36:00,MAQ-02,170,596.2154594815354,166.73945273716097,Standard,Running
2026-03-01 08:40:00,MAQ-03,170,680.5788726666876,198.6369216551023,Standard,Safety_Stop
2026-03-01 08:44:00,MAQ-01,170,598.3909509195081,188.09348706931863,Std,Overheating
2026-03-01 08:48:00,MAQ-01,160,609.0017698691247,184.1757526704232,Eco,Overheating
2026-03-01 08:52:00,MAQ-02,175,12.369987352917288,161.66230822116245,Top Coated,Idle
2026-03-01 08:56:00,MAQ-03,170,603.547784821702,163.67216279753936,Standard,Running
2026-03-01 09:00:00,MAQ-03,170,23.91677408352779,139.63450606721503,Standard,Idle
2026-03-01 09:04:00,MAQ-02,170,40.980477653289995,,Standard,Idle
2026-03-01 09:08:00,MAQ-03,170,594.2656217845777,139.1503979861498,Standard,Running
2026-03-01 09:12:00,MAQ-03,170,603.5348290594867,151.01788305132308,Standard,Running
2026-03-01 09:16:00,MAQ-01,170,601.2150501140171,154.05517156449855,Standard,Running
2026-03-01 09:20:00,MAQ-03,170,7.148043880037608,135.0692033584293,Standard,Idle
2026-03-01 09:24:00,MAQ-03,170,591.075441606431,139.79762184581296,Standard,Running
2026-03-01 09:28:00,MAQ-02,170,603.5502245442152,151.8537696241325,Standard,Running
2026-03-01 09:32:00,MAQ-02,170,597.788869047115,155.67624996823125,Standard,Running
2026-03-01 09:36:00,MAQ-01,170,591.5971856934287,156.63451737713976,Standard,Running
2026-03-01 09:40:00,MAQ-03,170,590.7716981027316,157.6133281185616,Standard,Running
2026-03-01 09:44:00,MAQ-03,170,596.9616915201378,163.93625998886802,Standard,Running
2026-03-01 09:48:00,MAQ-03,170,615.6810479471822,172.82339355126516,Standard,Running
2026-03-01 09:52:00,MAQ-01,170,594.7392196778804,168.86244749855794,Standard,Running
2026-03-01 09:56:00,MAQ-01,170,599.8598046174241,165.159966242802,Standard,Running
2026-03-01 10:00:00,MAQ-02,170,601.0164428768951,169.14745216359313,Standard,Running
2026-03-01 10:04:00,MAQ-01,170,588.6897360850805,160.65075636398512,Standard,Running
2026-03-01 10:08:00,MAQ-03,170,582.3716751615731,151.71752011082825,Standard,Running
2026-03-01 10:12:00,MAQ-03,170,589.7335926526426,153.0368140919603,Standard,Running
2026-03-01 10:16:00,MAQ-01,170,602.4707737780631,160.47864388282488,Standard,Running
2026-03-01 10:20:00,MAQ-03,160,600.8733105791541,161.01002168904122,Eco,Running
2026-03-01 10:24:00,MAQ-03,160,46.402587511442405,143.66814346780282,Eco,Idle
2026-03-01 10:28:00,MAQ-01,170,600.9674989495911,151.65763941733445,Standard,Running
2026-03-01 10:32:00,MAQ-01,170,598.904507085308,155.86055300556217,Standard,Running
2026-03-01 10:36:00,MAQ-03,170,593.9598772507487,156.8439221262747,Std,Running
2026-03-01 10:40:00,MAQ-03,170,608.8 m/min,164.58607289192997,Standard,Running
2026-03-01 10:44:00,MAQ-03,160,49.426999352285335,140.0433709500099,Eco,Idle
2026-03-01 10:48:00,MAQ-02,170,48.39013688242425,126.22395286271905,Standard,Idle
2026-03-01 10:52:00,MAQ-02,170,605.670555173881,142.985569040682,Standard,Running
2026-03-01 10:56:00,MAQ-02,170,586.6684268934634,144.50954343559147,Standard,Running
2026-03-01 11:00:00,MAQ-01,170,624.1479099865863,162.3385069105801,Standard,Running
2026-03-01 11:04:00,MAQ-02,170,600.7999338055914,165.79793327304108,Std,Running
2026-03-01 11:08:00,MAQ-01,170,683.3 m/min,199.676569070451,Standard,Safety_Stop
2026-03-01 11:12:00,MAQ-01,170,591.9158017547661,188.90205241658057,Standard,Overheating
2026-03-01 11:16:00,MAQ-02,160,596.8473515575845,180.14040460513343,Eco,Overheating
2026-03-01 11:20:00,MAQ-02,160,595.7324288311764,172.60163191088017,Eco,Running
2026-03-01 11:24:00,MAQ-02,170,594.5816501233136,172.57249877470332,Standard,Running
2026-03-01 11:28:00,MAQ-03,170,606.3296175150982,174.69739527416706,Standard,Running
2026-03-01 11:32:00,MAQ-02,170,595.5042396177472,170.1333033995477,Standard,Running
2026-03-01 11:36:00,MAQ-03,170,610.1750122908418,176.41940806952505,Standard,Running
2026-03-01 11:40:00,MAQ-01,170,626.6318235011983,186.66922630242357,Standard,Overheating
2026-03-01 11:44:00,MAQ-03,170,597.0445875985345,180.24851268470735,Standard,Running
2026-03-01 11:48:00,MAQ-02,170,601.5231551357663,178.39471749869622,Standard,Running
2026-03-01 11:52:00,MAQ-01,170,603.7948205716551,178.95016218949885,Standard,Running
2026-03-01 11:56:00,MAQ-01,170,618.1150481259351,187.03073975702716,Standard,Overheating
2026-03-01 12:00:00,MAQ-01,170,599.1735221496181,184.46366657767928,Standard,Overheating
2026-03-01 12:04:00,MAQ-03,175,591.7098308034164,174.88443139693075,Top Coated,Running
2026-03-01 12:08:00,MAQ-02,170,587.336594943743,169.9123131008396,Standard,Running
2026-03-01 12:12:00,MAQ-01,170,599.4201605256776,167.6112043071119,Std,Running
2026-03-01 12:16:00,MAQ-01,160,595.5161978094612,161.5811206341239,eco,Running
2026-03-01 12:20:00,MAQ-01,170,620.100092893,175.13501369757006,Standard,Running
2026-03-01 12:24:00,MAQ-03,160,617.6986242067696,179.64232843271392,Eco,
2026-03-01 12:28:00,MAQ-03,170,589.656271720764,169.91783664725986,Standard,Running
2026-03-01 12:32:00,MAQ-02,170,592.9 m/min,167.24791664362542,Standard,Running
2026-03-01 12:36:00,MAQ-03,170,34.966973312632156,148.16716132547447,Standard,Idle
2026-03-01 12:40:00,MAQ-01,170,613.9722642255877,159.1984448109814,Standard,Running
2026-03-01 12:44:00,MAQ-02,170,600.5701313637105,161.90631206420724,Standard,Running
2026-03-01 12:48:00,MAQ-01,170,593.5275936201195,163.38268608286978,Standard,Running
2026-03-01 12:52:00,MAQ-01,170,599.4111819009728,164.81693108867682,Standard,Running
2026-03-01 12:56:00,MAQ-03,170,593.7151513610395,161.63526220139428,Standard,Running
2026-03-01 13:00:00,MAQ-02,160,606.0247720943948,164.40188497071443,Eco,Running
2026-03-01 13:04:00,MAQ-03,175,592.9096628833529,163.48212125610672,Top Coated,Running
2026-03-01 13:08:00,MAQ-03,170,594.8956394757304,164.1396390223722,Standard,Running
2026-03-01 13:12:00,MAQ-02,170,611.619338134561,171.44768673024146,Standard,Running
2026-03-01 13:16:00,MAQ-01,170,592.3163505268593,166.15326328437,Standard,Running
2026-03-01 13:20:00,MAQ-01,170,585.5387196743984,159.60961699609416,Standard,Running
2026-03-01 13:24:00,MAQ-02,175,600.9499375135631,163.36767266442865,Top Coated,Running
2026-03-01 13:28:00,MAQ-01,170,596.4 m/min,165.6224299845111,Standard,Running
2026-03-01 13:32:00,MAQ-02,170,605.1141550092996,167.47697108546865,Standard,Running
2026-03-01 13:36:00,MAQ-02,170,603.1747193473109,171.09725588969485,Standard,Running
2026-03-01 13:40:00,MAQ-03,170,599.6808150535663,168.04620904559468,Standard,Running
2026-03-01 13:44:00,MAQ-02,170,599.3895657453,169.55438840511246,Standard,Running
2026-03-01 13:48:00,MAQ-03,160,592.6414155067716,160.70705943985658,Eco,Running
2026-03-01 13:52:00,MAQ-01,170,600.8334707099324,165.16982017872962,Std,Running
2026-03-01 13:56:00,MAQ-01,170,608.8128478143277,170.4501064636381,Standard,Running
2026-03-01 14:00:00,MAQ-01,170,590.2655325860053,164.84278930752959,Standard,Running
2026-03-01 14:04:00,MAQ-01,175,599.9460262363847,,Top Coated,Running
2026-03-01 14:08:00,MAQ-03,160,610.3838875573462,170.75473221233779,Eco,Running
2026-03-01 14:12:00,MAQ-01,170,605.054240932167,172.4723582783141,Standard,Running
2026-03-01 14:16:00,MAQ-02,170,613.0947289635071,178.8771134004912,Standard,Running
2026-03-01 14:20:00,MAQ-02,170,18.0 m/min,154.2878680829469,Std,Idle
2026-03-01 14:24:00,MAQ-02,170,581.6923155160514,,Standard,Running
2026-03-01 14:28:00,MAQ-03,175,602.0065180395569,161.63630934268937,Top Coated,Running
2026-03-01 14:32:00,MAQ-01,170,603.6257081502648,165.4945398979802,Standard,Running
2026-03-01 14:36:00,MAQ-01,170,613.6842195447267,172.39120449917087,Standard,Running
2026-03-01 14:40:00,MAQ-01,170,611.8814573470698,175.79946574280274,Standard,Running
2026-03-01 14:44:00,MAQ-03,170,605.3674362301247,178.3400682654371,Standard,Running
2026-03-01 14:48:00,MAQ-02,170,607.7 m/min,180.50855129408313,Standard,Running
2026-03-01 14:52:00,MAQ-02,170,598.0817854179336,175.8006096564602,Standard,Running
2026-03-01 14:56:00,MAQ-01,170,682.7897278163078,199.68421762355982,Standard,Safety_Stop
2026-03-01 15:00:00,MAQ-02,170,601.1772121738092,,Standard,Overheating
2026-03-01 15:04:00,MAQ-02,170,25.610735383852578,166.3783473784194,Standard,Idle
2026-03-01 15:08:00,MAQ-03,170,606.5636086982855,171.45955472499432,Standard,Running
2026-03-01 15:12:00,MAQ-03,170,608.3380733915936,175.48876927986495,Standard,Running
2026-03-01 15:16:00,MAQ-03,170,595.7224431295325,171.39933345791604,Standard,Running
2026-03-01 15:20:00,MAQ-03,170,597.3445316198157,168.54222400419525,Standard,Running
2026-03-01 15:24:00,MAQ-01,170,604.8342548811461,171.1391078936154,Standard,Running
2026-03-01 15:28:00,MAQ-03,170,594.5349260549125,167.80688114354803,Standard,Running
2026-03-01 15:32:00,MAQ-02,170,594.84282930067,168.7755427949175,Standard,Running
2026-03-01 15:36:00,MAQ-01,170,602.9798223637745,169.06105805713796,Standard,Running
2026-03-01 15:40:00,MAQ-02,175,607.609047431569,174.0850577790385,Top Coated,Running
2026-03-01 15:44:00,MAQ-02,170,598.004713266706,171.18596515256758,Standard,Running
2026-03-01 15:48:00,MAQ-02,170,588.3681053894636,166.2464099454092,Standard,Running
2026-03-01 15:52:00,MAQ-03,170,592.6 m/min,163.7618920305546,Standard,Running
2026-03-01 15:56:00,MAQ-03,170,602.0 m/min,165.70971096612976,Standard,Running
2026-03-01 16:00:00,MAQ-01,170,601.9152096386597,169.53117816584555,Standard,Running
2026-03-01 16:04:00,MAQ-01,170,39.39850667954658,152.73460213266236,Standard,Idle
2026-03-01 16:08:00,MAQ-03,170,605.2129529059575,162.58905049561213,Standard,Running
2026-03-01 16:12:00,MAQ-02,170,600.0581055854245,166.0441346134581,Standard,Running
2026-03-01 16:16:00,MAQ-01,170,602.6505604484031,167.66069186715856,Standard,Running
2026-03-01 16:20:00,MAQ-03,170,599.5497317717113,172.51847904169546,Standard,Running
2026-03-01 16:24:00,MAQ-03,170,611.4873348292944,176.13730626718856,Standard,Running
2026-03-01 16:28:00,MAQ-03,170,614.323420312175,180.40684556160267,Standard,Running
2026-03-01 16:32:00,MAQ-02,170,588.1098871761997,172.66370759674138,Standard,Running
2026-03-01 16:36:00,MAQ-03,170,597.4474805789774,169.94413789195593,Standard,Running
2026-03-01 16:40:00,MAQ-03,170,600.327244915407,171.44908817362423,Standard,Running
2026-03-01 16:44:00,MAQ-03,170,597.3308528798568,,Standard,Running
2026-03-01 16:48:00,MAQ-03,170,617.9292259133088,176.7668167106438,Standard,Running
2026-03-01 16:52:00,MAQ-01,160,602.2395527808974,171.60872622276355,Eco,Running
2026-03-01 16:56:00,MAQ-01,170,591.9462817294966,166.93540057540298,Standard,Running
2026-03-01 17:00:00,MAQ-03,170,605.9644233956067,172.25803569977538,Standard,Running
2026-03-01 17:04:00,MAQ-02,170,602.7097453884619,171.8790098987609,Standard,Running
2026-03-01 17:08:00,MAQ-01,170,603.0419291955342,171.69601194422688,Standard,Running
2026-03-01 17:12:00,MAQ-03,170,618.078761587992,180.49346436546958,Standard,Running
2026-03-01 17:16:00,MAQ-01,170,603.5078517575481,176.99523684974838,Standard,Running
2026-03-01 17:20:00,MAQ-01,175,596.96338476126,176.38781541993117,Top Coated,Running
2026-03-01 17:24:00,MAQ-02,170,580.4 m/min,164.60275865549852,Standard,Running
2026-03-01 17:28:00,MAQ-03,175,702.8220855702288,204.95781029953946,Top Coated,Safety_Stop
2026-03-01 17:32:00,MAQ-03,170,613.0596991732718,202.645367744476,Standard,Overheating
2026-03-01 17:36:00,MAQ-02,170,599.0883088044382,194.531855231007,Standard,Overheating
2026-03-01 17:40:00,MAQ-02,170,577.599501014805,175.62756326601476,Standard,Running
2026-03-01 17:44:00,MAQ-03,160,595.0163760780755,,Eco,Running
2026-03-01 17:48:00,MAQ-03,170,609.926885389128,170.6967681152745,Standard,Running
2026-03-01 17:52:00,MAQ-02,160,605.4581717456201,166.6205752468077,Eco,Running
2026-03-01 17:56:00,MAQ-01,170,591.6011910348926,162.78609653037654,Standard,Running
2026-03-01 18:00:00,MAQ-01,170,594.3471522360092,160.9371215234427,Standard,Running
2026-03-01 18:04:00,MAQ-02,160,595.8929134089758,156.9832485987468,Eco,Running
2026-03-01 18:08:00,MAQ-01,170,593.3728622813707,155.77108085690602,Standard,Running
2026-03-01 18:12:00,MAQ-02,170,579.7032613226041,149.31503023344078,Standard,
2026-03-01 18:16:00,MAQ-01,170,607.6359110061985,160.12118977653589,Standard,Running
2026-03-01 18:20:00,MAQ-01,175,612.5705995668909,170.960338093973,Top Coated,Running
2026-03-01 18:24:00,MAQ-03,175,584.8155105603525,165.10137559980154,Top Coated,Running
2026-03-01 18:28:00,MAQ-03,170,612.4385293258631,173.073497118489,Standard,Running
2026-03-01 18:32:00,MAQ-01,170,598.9697679860278,169.12505342773537,Standard,Running
2026-03-01 18:36:00,MAQ-01,175,612.2513234816787,176.24697990159967,Top Coated,Running
2026-03-01 18:40:00,MAQ-03,170,600.3795043629044,174.50122911964374,Standard,Running
2026-03-01 18:44:00,MAQ-03,170,601.3554459215864,173.60204441377323,Standard,Running
2026-03-01 18:48:00,MAQ-03,175,603.7243464698221,174.92502872892476,Top Coated,Running
2026-03-01 18:52:00,MAQ-02,170,592.0993367486473,,Standard,Running
2026-03-01 18:56:00,MAQ-01,170,611.9467414432802,177.35259967417468,Standard,Running
2026-03-01 19:00:00,MAQ-03,170,588.7861936192521,170.18709733254047,Standard,Running
2026-03-01 19:04:00,MAQ-01,175,595.9793325548333,170.9379276058247,Top Coated,Running
2026-03-01 19:08:00,MAQ-02,175,605.2426467764317,176.60743883712843,Top Coated,Running
2026-03-01 19:12:00,MAQ-02,175,594.9080475951454,174.77337004256043,Top Coated,Running
2026-03-01 19:16:00,MAQ-03,170,607.7753124081495,178.89955659039256,Standard,Running
2026-03-01 19:20:00,MAQ-02,160,613.7586617318395,177.19141737989898,Eco,Overheating
2026-03-01 19:24:00,MAQ-01,160,610.1254600105384,177.2901234580702,Eco,Overheating
2026-03-01 19:28:00,MAQ-03,170,580.6388468632138,164.00463086513983,Standard,Running
2026-03-01 19:32:00,MAQ-01,160,601.2584696961936,164.2595682780818,Eco,Running
2026-03-01 19:36:00,MAQ-01,170,610.2868261069639,172.1791494253673,Standard,Running
2026-03-01 19:40:00,MAQ-02,170,586.8325115317795,163.5559807093574,Standard,Running
2026-03-01 19:44:00,MAQ-02,170,607.2361058722887,170.25845354147458,Standard,
2026-03-01 19:48:00,MAQ-02,170,606.6746078163932,173.39224858401954,Standard,Running
2026-03-01 19:52:00,MAQ-02,170,587.8791010806174,166.23806071932415,Standard,Running
2026-03-01 19:56:00,MAQ-02,170,608.3423266574016,172.6937638506529,Standard,Running
2026-03-01 20:00:00,MAQ-03,170,674.3211582996631,,Standard,Safety_Stop
2026-03-01 20:04:00,MAQ-01,170,606.5038178872127,194.82159277457518,Std,Overheating
2026-03-01 20:08:00,MAQ-01,170,590.3368761423487,181.32136859842132,Std,Running
2026-03-01 20:12:00,MAQ-01,170,601.5013611637138,178.5351185078443,Standard,Running
2026-03-01 20:16:00,MAQ-01,170,583.0 m/min,166.21885347557088,Standard,Running
2026-03-01 20:20:00,MAQ-02,170,577.2300879246695,156.26673616592228,Standard,Running
2026-03-01 20:24:00,MAQ-01,170,601.4082842652775,161.3400211646912,Standard,Running
2026-03-01 20:28:00,MAQ-03,170,40.40339085580113,149.49696961108364,Standard,Idle
2026-03-01 20:32:00,MAQ-03,160,602.5293681426508,153.16304981166198,eco,Running
2026-03-01 20:36:00,MAQ-01,170,599.4 m/min,155.347658405425,Standard,Running
2026-03-01 20:40:00,MAQ-01,170,598.1246587994513,159.52727022021134,Standard,Running
2026-03-01 20:44:00,MAQ-03,170,590.5743460855693,159.49301062023085,Standard,Running
2026-03-01 20:48:00,MAQ-03,160,597.8 m/min,158.10661753012062,Eco,Running
2026-03-01 20:52:00,MAQ-02,170,604.2168446826445,163.16007928920382,Standard,Running
2026-03-01 20:56:00,MAQ-03,160,595.6477776719937,161.31954898520235,Eco,Running
2026-03-01 21:00:00,MAQ-02,170,607.5058685383577,165.6678759555158,Standard,Running
2026-03-01 21:04:00,MAQ-02,175,601.959750338646,169.68700338876016,Top Coated,Running
2026-03-01 21:08:00,MAQ-02,170,603.169794177734,170.43928322785675,Std,Running
2026-03-01 21:12:00,MAQ-02,175,-500,174.38001862081433,Top Coated,Running
2026-03-01 21:16:00,MAQ-02,170,594.7324456734501,171.3511795508259,Standard,Running
2026-03-01 21:20:00,MAQ-01,170,606.5938058618696,175.4343854785112,Standard,Running
2026-03-01 21:24:00,MAQ-03,170,596.1352328274803,173.7746177856028,Standard,Running
2026-03-01 21:28:00,MAQ-02,170,603.3951448381883,172.8761431079297,Std,Running
2026-03-01 21:32:00,MAQ-03,170,593.5422864936343,170.14788316621014,Standard,Running
2026-03-01 21:36:00,MAQ-03,160,590.8929617693527,163.23908472551523,Eco,Running
2026-03-01 21:40:00,MAQ-02,175,38.044298883575486,145.78557471859992,Top Coated,Idle
2026-03-01 21:44:00,MAQ-01,170,43.232617730137285,121.82878182802682,Standard,Idle
2026-03-01 21:48:00,MAQ-02,170,597.0373255649112,137.36355234118986,Std,Running
2026-03-01 21:52:00,MAQ-01,170,687.6028430026599,199.83127782180273,Standard,Safety_Stop
2026-03-01 21:56:00,MAQ-03,170,607.7923403431361,192.55539718858466,Standard,Overheating
2026-03-01 22:00:00,MAQ-01,170,610.5011059610891,190.9068526943354,Standard,Overheating
2026-03-01 22:04:00,MAQ-01,170,591.360487785792,179.80265889666768,Standard,Running
2026-03-01 22:08:00,MAQ-01,170,604.283129624735,179.00602757514855,Standard,Running
2026-03-01 22:12:00,MAQ-03,170,608.991357136875,180.93062878161473,Standard,Running
2026-03-01 22:16:00,MAQ-03,170,609.0 m/min,185.89797788153024,Standard,Overheating
2026-03-01 22:20:00,MAQ-01,170,602.1445083397164,181.69296871582094,Standard,Running
2026-03-01 22:24:00,MAQ-01,170,607.343046755615,184.2265116407973,Standard,Overheating
2026-03-01 22:28:00,MAQ-02,170,593.5066868807961,176.35921209013247,Std,Running
2026-03-01 22:32:00,MAQ-01,175,600.8312246565667,174.324852287177,Top Coated,Running
2026-03-01 22:36:00,MAQ-02,170,595.3289659320923,173.31341076349452,Standard,Running
2026-03-01 22:40:00,MAQ-01,170,592.6621202621463,167.22551073414914,Standard,Running
2026-03-01 22:44:00,MAQ-02,170,600.3606339146962,167.28795748259714,Standard,Running
2026-03-01 22:48:00,MAQ-03,170,603.4753037615808,170.83580341996185,Standard,Running
2026-03-01 22:52:00,MAQ-01,175,611.6350876795499,176.88364907969964,Top Coated,Running
2026-03-01 22:56:00,MAQ-01,170,602.6515552729888,174.90792522630866,Standard,Running
2026-03-01 23:00:00,MAQ-01,170,606.4 m/min,177.8406941288072,Standard,Running
2026-03-01 23:04:00,MAQ-01,170,606.5328317324954,179.43100994147807,Std,Running
2026-03-01 23:08:00,MAQ-02,160,626.8753436569696,188.9789137048415,Eco,Overheating
2026-03-01 23:12:00,MAQ-01,175,581.8996759672742,175.75681287300583,Top Coated,Running
2026-03-01 23:16:00,MAQ-03,170,593.1206613316282,167.09007791414743,Std,Running
2026-03-01 23:20:00,MAQ-03,170,614.7405605248808,171.7665215001783,Standard,Running
2026-03-01 23:24:00,MAQ-01,170,596.4798692514653,168.30075748097167,Standard,Running
2026-03-01 23:28:00,MAQ-03,175,608.8580313760172,177.89101408385446,Top Coated,Running
2026-03-01 23:32:00,MAQ-01,170,602.3 m/min,177.4829383910465,Standard,Running
2026-03-01 23:36:00,MAQ-01,175,621.0520240120801,188.60586420585537,Top Coated,Running
2026-03-01 23:40:00,MAQ-03,170,588.8694557293629,180.29382515476098,Standard,Running
2026-03-01 23:44:00,MAQ-01,170,612.2180055251881,184.33788432104512,Standard,Overheating
2026-03-01 23:48:00,MAQ-03,170,617.495813052725,189.59046597326792,Std,Overheating
2026-03-01 23:52:00,MAQ-02,170,589.85581122832,180.02784707636005,Standard,Running
2026-03-01 23:56:00,MAQ-01,170,607.8287024358135,181.6245049327284,Standard,
2026-03-02 00:00:00,MAQ-02,170,590.3450201417095,173.20039277318637,Standard,Running
2026-03-02 00:04:00,MAQ-03,170,600.3016157253512,172.59840850056273,Standard,Running
2026-03-02 00:08:00,MAQ-02,170,597.4341206981783,171.5735279205446,Standard,Running
2026-03-02 00:12:00,MAQ-02,170,575.9724606510031,157.75500506634455,Standard,Running
2026-03-02 00:16:00,MAQ-03,170,604.242342597119,164.47334311863256,Standard,Running
2026-03-02 00:20:00,MAQ-02,175,601.4333916760623,168.84755409174835,Top Coated,Running
2026-03-02 00:24:00,MAQ-02,160,614.7907897340576,170.07122715662985,Eco,
2026-03-02 00:28:00,MAQ-03,175,606.1114365464954,173.52345275826977,Top Coated,Running
2026-03-02 00:32:00,MAQ-02,175,622.9088392407876,185.19912679586199,Top Coated,Running
2026-03-02 00:36:00,MAQ-03,170,601.0704238207871,179.91562006482778,Standard,Running
2026-03-02 00:40:00,MAQ-02,170,598.944699479977,178.44494539454433,Standard,Running
2026-03-02 00:44:00,MAQ-03,170,598.156433492829,172.84639266777924,Standard,Running
2026-03-02 00:48:00,MAQ-03,170,679.2639609905559,200.2218835087721,Standard,Safety_Stop
2026-03-02 00:52:00,MAQ-02,170,577.9224908361743,179.63862276838873,Standard,Running
2026-03-02 00:56:00,MAQ-02,160,597.7980537299204,174.26941967012186,Eco,Overheating
2026-03-02 01:00:00,MAQ-02,170,579.32145273564,161.48091067568095,Standard,Running
2026-03-02 01:04:00,MAQ-01,170,604.5203334458577,165.8241590963573,Std,Running
2026-03-02 01:08:00,MAQ-01,170,587.5993970752942,159.42420762704424,Standard,Running
2026-03-02 01:12:00,MAQ-01,170,591.0566737691158,159.3256202304909,Standard,Running
2026-03-02 01:16:00,MAQ-03,170,593.3058980516745,157.7895366578872,Standard,Running
2026-03-02 01:20:00,MAQ-02,170,597.9506496218676,162.0319196578135,Standard,Running
2026-03-02 01:24:00,MAQ-03,160,600.0686825493904,161.45775021751356,Eco,Running
2026-03-02 01:28:00,MAQ-01,170,610.8447958307307,169.1796498230306,Standard,Running
2026-03-02 01:32:00,MAQ-02,170,594.2246990649245,166.32151518090419,Standard,Running
2026-03-02 01:36:00,MAQ-03,160,604.8014613622237,166.30691685684477,Eco,Running
2026-03-02 01:40:00,MAQ-02,175,627.3086723322357,185.49913284952817,Top Coated,Running
2026-03-02 01:44:00,MAQ-03,160,603.7735070276323,179.54304349919397,Eco,Overheating
2026-03-02 01:48:00,MAQ-02,160,598.1951021106837,172.12551911017724,Eco,Running
2026-03-02 01:52:00,MAQ-01,170,592.2084834807171,168.28580307618657,Standard,Running
2026-03-02 01:56:00,MAQ-01,170,598.0566845457968,166.924396599391,Standard,Running
2026-03-02 02:00:00,MAQ-02,170,591.1377965639059,,Standard,Running
2026-03-02 02:04:00,MAQ-03,170,602.6866142668378,,Std,Running
2026-03-02 02:08:00,MAQ-01,170,601.0354413863939,168.15384182356257,Standard,Running
2026-03-02 02:12:00,MAQ-01,170,578.3778077908221,155.40096337935685,Standard,Running
2026-03-02 02:16:00,MAQ-01,170,37.241253776495654,141.2615724625795,Standard,Idle
2026-03-02 02:20:00,MAQ-02,170,610.7614631264001,154.7095360176212,Standard,Running
2026-03-02 02:24:00,MAQ-02,170,596.0088814779725,157.2387032647245,Standard,Running
2026-03-02 02:28:00,MAQ-03,170,593.4710322758843,156.25737422305394,Standard,Running
2026-03-02 02:32:00,MAQ-03,170,586.2229922688315,157.09277554474247,Standard,
2026-03-02 02:36:00,MAQ-03,170,581.420079583756,149.96304706606364,Standard,Running
2026-03-02 02:40:00,MAQ-02,160,608.3134926706325,158.11646938469931,eco,Running
2026-03-02 02:44:00,MAQ-02,170,598.1852167042081,160.07280125666253,Standard,Running
2026-03-02 02:48:00,MAQ-03,170,607.7202156200342,166.8883735856394,Standard,Running
2026-03-02 02:52:00,MAQ-03,170,615.3132374457947,171.931126594759,Standard,Running
2026-03-02 02:56:00,MAQ-02,160,609.2124768491035,174.02530102628617,Eco,Overheating
2026-03-02 03:00:00,MAQ-03,170,594.5762767856121,173.50223630311305,Standard,Running
2026-03-02 03:04:00,MAQ-01,170,601.4486766465756,174.19904807686677,Std,Running
2026-03-02 03:08:00,MAQ-02,170,593.8522713484308,165.7389492931437,Standard,Running
2026-03-02 03:12:00,MAQ-03,170,17.898059726638234,144.11133199031661,Standard,Idle
2026-03-02 03:16:00,MAQ-02,160,603.4281516240262,148.988192219793,eco,Running
2026-03-02 03:20:00,MAQ-01,170,591.6770611688182,148.75479040052346,Standard,Running
2026-03-02 03:24:00,MAQ-02,170,577.908483809113,146.94430836839484,Standard,Running
2026-03-02 03:28:00,MAQ-02,160,591.1185210427262,146.31146289438666,Eco,Running
2026-03-02 03:32:00,MAQ-02,160,596.9311885131262,149.48690723880537,Eco,Running
2026-03-02 03:36:00,MAQ-02,170,615.2139849783192,162.9845514146428,Standard,Running
2026-03-02 03:40:00,MAQ-01,160,595.0906255012864,160.17717738428573,Eco,Running
2026-03-02 03:44:00,MAQ-02,170,605.1192409102928,167.31028899022297,Standard,Running
2026-03-02 03:48:00,MAQ-02,170,598.3169176603793,170.44417995578118,Standard,Running
2026-03-02 03:52:00,MAQ-03,170,612.2640514387039,178.5383480974322,Standard,Running
2026-03-02 03:56:00,MAQ-02,170,611.5709638546396,181.41127193758746,Std,Running
2026-03-02 04:00:00,MAQ-03,170,611.7617510523992,182.85459977962662,Std,Running
2026-03-02 04:04:00,MAQ-01,160,582.6601647058264,168.13654903283995,Eco,Running
2026-03-02 04:08:00,MAQ-01,160,602.06724047245,167.83332278372635,Eco,Running
2026-03-02 04:12:00,MAQ-01,170,607.5893860012195,171.62995330175698,Standard,Running
2026-03-02 04:16:00,MAQ-01,160,603.8153856258933,168.9576980300211,eco,Running
2026-03-02 04:20:00,MAQ-03,170,606.3659632582182,173.2145517575537,Standard,Running
2026-03-02 04:24:00,MAQ-02,170,600.5835100428548,173.79557227250123,Standard,Running
2026-03-02 04:28:00,MAQ-01,170,592.5521579327348,,Standard,Running
2026-03-02 04:32:00,MAQ-02,170,583.0290261501375,158.28246978659524,Standard,Running
2026-03-02 04:36:00,MAQ-03,160,593.5 m/min,,Eco,
2026-03-02 04:40:00,MAQ-03,160,626.7810987363839,169.01985440316872,Eco,Running
2026-03-02 04:44:00,MAQ-03,170,701.6756529518292,199.92200660341496,Standard,
2026-03-02 04:48:00,MAQ-01,170,580.4060977390926,,Standard,Running
2026-03-02 04:52:00,MAQ-02,170,607.3264936072908,183.7273209083171,Standard,Overheating
2026-03-02 04:56:00,MAQ-02,170,608.5546000868264,182.59889164805605,Standard,Running
2026-03-02 05:00:00,MAQ-02,175,612.9 m/min,185.2570465461484,Top Coated,Running
2026-03-02 05:04:00,MAQ-03,170,604.7097850370678,183.36452020333493,Standard,Running
2026-03-02 05:08:00,MAQ-01,170,608.4560151446695,182.7622462398699,Standard,Running
2026-03-02 05:12:00,MAQ-03,170,12.440951350996594,166.62202814572208,Standard,Idle
2026-03-02 05:16:00,MAQ-03,170,592.5452650793789,161.52889975346196,Standard,Running
2026-03-02 05:20:00,MAQ-02,170,590.5614929457628,158.3565081301709,Standard,Running
2026-03-02 05:24:00,MAQ-03,170,589.0541346044707,155.48994788727794,Std,Running
2026-03-02 05:28:00,MAQ-02,170,597.3423041350602,159.65900697143692,Standard,Running
2026-03-02 05:32:00,MAQ-01,170,614.3 m/min,171.6761025888619,Standard,Running
2026-03-02 05:36:00,MAQ-02,175,605.2806836774623,175.34643563179145,Top Coated,Running
2026-03-02 05:40:00,MAQ-01,170,604.8869195270922,175.81746679186102,Standard,Running
2026-03-02 05:44:00,MAQ-02,170,581.8069207133527,166.26813910543729,Standard,Running
2026-03-02 05:48:00,MAQ-03,175,-500,204.58814548895523,Top Coated,Safety_Stop
2026-03-02 05:52:00,MAQ-03,170,581.6434236713797,,Standard,Overheating
2026-03-02 05:56:00,MAQ-01,175,611.7124578932154,187.83490845528897,Top Coated,Running
2026-03-02 06:00:00,MAQ-01,170,615.8564649288573,190.6661678735977,Standard,Overheating
2026-03-02 06:04:00,MAQ-01,170,607.7956672724038,186.82694191771458,Standard,Overheating
2026-03-02 06:08:00,MAQ-02,170,590.1321395426046,176.0641717517466,Standard,Running
2026-03-02 06:12:00,MAQ-02,170,614.820224936158,183.90232562467432,Standard,Overheating
2026-03-02 06:16:00,MAQ-01,170,597.4674508997479,178.2698935001223,Standard,Running
2026-03-02 06:20:00,MAQ-03,170,587.8554071924734,170.79331928900802,Standard,Running
2026-03-02 06:24:00,MAQ-02,170,590.3559574538831,164.93016941324714,Standard,Running
2026-03-02 06:28:00,MAQ-02,170,595.6984336440817,166.47286169670775,Standard,Running
2026-03-02 06:32:00,MAQ-02,170,600.495785204847,167.52775948759356,Standard,Running
2026-03-02 06:36:00,MAQ-01,160,685.3153258913674,190.37971052423455,Eco,Safety_Stop
2026-03-02 06:40:00,MAQ-01,175,585.8733158182897,181.32837140295544,Top Coated,Running
2026-03-02 06:44:00,MAQ-01,175,612.1331640918564,184.87145984617965,Top Coated,Running
2026-03-02 06:48:00,MAQ-01,170,598.4939408056316,179.26722116963685,Std,Running
2026-03-02 06:52:00,MAQ-01,170,592.8624614372935,172.33860269125867,Standard,Running
2026-03-02 06:56:00,MAQ-03,170,611.1030236198277,178.54838233482047,Standard,Running
2026-03-02 07:00:00,MAQ-03,170,588.1659381173347,171.4052112666721,Standard,Running
2026-03-02 07:04:00,MAQ-01,170,583.7 m/min,163.2468904964964,Standard,Running
2026-03-02 07:08:00,MAQ-02,170,612.7248744659873,172.69582942174225,Standard,Running
2026-03-02 07:12:00,MAQ-01,170,618.9138784955034,185.46698724469707,Standard,Overheating
2026-03-02 07:16:00,MAQ-03,170,595.379039813486,179.20268571322106,Standard,Running
2026-03-02 07:20:00,MAQ-03,170,599.5402999208286,177.50242441677085,Standard,Running
2026-03-02 07:24:00,MAQ-02,170,588.533352854791,168.39730617601566,Standard,Running
2026-03-02 07:28:00,MAQ-03,170,600.0549255024339,168.10853127413236,Standard,Running
2026-03-02 07:32:00,MAQ-01,175,595.242947362688,165.94368896120832,Top Coated,Running
2026-03-02 07:36:00,MAQ-02,170,598.9787155996501,166.91150315118338,Standard,Running
2026-03-02 07:40:00,MAQ-01,170,604.1 m/min,170.00912871889685,Standard,Running
2026-03-02 07:44:00,MAQ-01,170,589.0185452196915,162.2353991547359,Standard,Running
2026-03-02 07:48:00,MAQ-02,170,596.3818866076743,163.11495691432148,Standard,Running
2026-03-02 07:52:00,MAQ-01,170,582.0 m/min,156.76103638926259,Standard,Running
2026-03-02 07:56:00,MAQ-03,170,596.4501271588671,160.55786729699884,Standard,Running
2026-03-02 08:00:00,MAQ-01,170,37.3 m/min,,Standard,Idle
2026-03-02 08:04:00,MAQ-02,170,602.2898242506108,151.15971026874874,Standard,Running
2026-03-02 08:08:00,MAQ-02,170,602.3957654036321,158.62685238132306,Standard,Running
2026-03-02 08:12:00,MAQ-02,170,609.0392275073685,165.0953400678564,Standard,Running
2026-03-02 08:16:00,MAQ-01,175,584.6033348072668,161.77245893285877,Top Coated,Running
2026-03-02 08:20:00,MAQ-02,170,585.1372297004971,159.8836984961865,Standard,Running
2026-03-02 08:24:00,MAQ-02,170,605.2895793639252,165.13456118500292,Standard,Running
2026-03-02 08:28:00,MAQ-01,175,579.6103872299458,156.33317491093817,Top Coated,Running
2026-03-02 08:32:00,MAQ-03,170,601.83300212105,161.91912665086107,Standard,Running
2026-03-02 08:36:00,MAQ-01,170,588.1970706041011,,Standard,Running
2026-03-02 08:40:00,MAQ-02,170,615.7281464091718,170.31166859607453,Standard,Running
2026-03-02 08:44:00,MAQ-02,170,602.5045240772778,170.91467990962957,Standard,Running
2026-03-02 08:48:00,MAQ-01,175,678.2402271420816,203.39624794433368,Top Coated,Safety_Stop
2026-03-02 08:52:00,MAQ-03,170,612.2772087713918,199.31057546381535,Standard,Overheating
2026-03-02 08:56:00,MAQ-02,160,589.3659799342905,182.78762535151176,Eco,Overheating
2026-03-02 09:00:00,MAQ-02,170,19.106645441299392,153.70411503135497,Std,Idle
2026-03-02 09:04:00,MAQ-02,170,587.3854516634489,153.77711047348978,Standard,Running
2026-03-02 09:08:00,MAQ-01,170,591.34960773651,154.32847748049426,Standard,Running
2026-03-02 09:12:00,MAQ-02,170,600.6111560936739,158.49947980769986,Standard,Running
2026-03-02 09:16:00,MAQ-03,170,604.9395187199372,163.05550507050918,Standard,Running
2026-03-02 09:20:00,MAQ-02,160,609.6142168536754,167.38177836541377,Eco,Running
2026-03-02 09:24:00,MAQ-02,170,581.8 m/min,158.10178461461103,Standard,Running
2026-03-02 09:28:00,MAQ-03,175,598.2813701353671,157.97418539948595,Top Coated,Running
2026-03-02 09:32:00,MAQ-02,170,588.918354688092,158.9431289678069,Standard,Running
2026-03-02 09:36:00,MAQ-01,160,597.9 m/min,156.62229674068456,Eco,Running
2026-03-02 09:40:00,MAQ-01,170,623.3416358012704,171.0118732584899,Standard,Running
2026-03-02 09:44:00,MAQ-01,170,602.9186176200002,169.7332205869212,Std,Running
2026-03-02 09:48:00,MAQ-03,160,608.9946497114825,171.1117307505687,Eco,Running
2026-03-02 09:52:00,MAQ-02,170,619.6069127216105,180.02281462263863,Standard,Running
2026-03-02 09:56:00,MAQ-01,170,611.2735824317476,184.8232774518831,Standard,Overheating
2026-03-02 10:00:00,MAQ-03,170,595.5208552031302,180.129307636001,Standard,Running
2026-03-02 10:04:00,MAQ-02,170,587.2416791343006,,Standard,Running
2026-03-02 10:08:00,MAQ-03,175,599.7 m/min,174.8679625216163,Top Coated,Running
2026-03-02 10:12:00,MAQ-01,170,594.3229421578131,168.90009900218078,Standard,Running
2026-03-02 10:16:00,MAQ-01,170,-500,161.55842739292888,Standard,Running
2026-03-02 10:20:00,MAQ-01,170,602.4092499728947,163.9718355891492,Standard,Running
2026-03-02 10:24:00,MAQ-03,170,602.6588629805933,164.97436043942943,Standard,Running
2026-03-02 10:28:00,MAQ-03,170,16.947238767422434,158.02212169864404,Standard,Idle
2026-03-02 10:32:00,MAQ-01,170,596.3823693116319,161.00214311893723,Standard,Running
2026-03-02 10:36:00,MAQ-03,170,602.8012138896945,164.79282992716466,Standard,Running
2026-03-02 10:40:00,MAQ-01,170,593.3451458530978,162.42726362404264,Standard,Running
2026-03-02 10:44:00,MAQ-01,170,608.7316943069346,169.12268715874936,Standard,Running
2026-03-02 10:48:00,MAQ-02,170,598.7538220380987,170.92366965107675,Standard,Running
2026-03-02 10:52:00,MAQ-03,170,588.2740839114725,166.5224619369163,Standard,Running
2026-03-02 10:56:00,MAQ-01,170,599.8652817833485,167.56897177772748,Standard,Running
2026-03-02 11:00:00,MAQ-01,170,603.9 m/min,,Std,Running
2026-03-02 11:04:00,MAQ-03,170,602.5527338741356,173.77274158738896,Standard,Running
2026-03-02 11:08:00,MAQ-02,170,610.4589671549587,177.53523832385696,Std,Running
2026-03-02 11:12:00,MAQ-02,170,585.5194362795932,165.2333681134472,Standard,Running
2026-03-02 11:16:00,MAQ-01,170,36.343845306988584,141.0233513011383,Standard,Idle
2026-03-02 11:20:00,MAQ-03,170,606.4 m/min,152.64699988751204,Standard,Running
2026-03-02 11:24:00,MAQ-02,170,592.7473102203893,153.4051102136809,Standard,Running
2026-03-02 11:28:00,MAQ-03,170,602.4047124933021,158.91423706909367,Standard,Running
2026-03-02 11:32:00,MAQ-03,170,575.8 m/min,148.85937544075426,Std,Running
2026-03-02 11:36:00,MAQ-01,170,627.1594657231288,166.32173199178698,Standard,Running
2026-03-02 11:40:00,MAQ-02,160,597.3028146844266,164.86786001025087,Eco,Running
2026-03-02 11:44:00,MAQ-01,170,611.9395625998828,174.725342318994,Standard,Running
2026-03-02 11:48:00,MAQ-02,170,596.6310217441651,171.32896827659962,Standard,Running
2026-03-02 11:52:00,MAQ-02,170,22.836529644292014,151.99705502712948,Standard,Idle
2026-03-02 11:56:00,MAQ-02,170,614.9191964634527,164.27685611119566,Standard,Running
2026-03-02 12:00:00,MAQ-02,170,611.6580601920839,171.6012463062543,Standard,Running
2026-03-02 12:04:00,MAQ-02,175,597.9554502031477,173.60530719909204,Top Coated,Running
2026-03-02 12:08:00,MAQ-03,170,598.6 m/min,170.4019083271182,Standard,Running
2026-03-02 12:12:00,MAQ-01,170,610.0356656018329,175.46594334493506,Standard,Running
2026-03-02 12:16:00,MAQ-03,170,623.332444042853,186.05857944146203,Standard,Overheating
2026-03-02 12:20:00,MAQ-02,170,601.9228267439904,181.67609182057515,Standard,Running
2026-03-02 12:24:00,MAQ-01,170,619.5706364054164,186.04488824416086,Standard,Overheating
2026-03-02 12:28:00,MAQ-02,170,597.585855895798,180.79693165834007,Standard,Running
2026-03-02 12:32:00,MAQ-01,170,609.5196036350981,179.70129078797817,Standard,Running
2026-03-02 12:36:00,MAQ-03,170,611.0115576224729,184.38492837065323,Std,Overheating
2026-03-02 12:40:00,MAQ-01,170,595.9003949614722,178.50905201458593,Std,Running
2026-03-02 12:44:00,MAQ-01,170,592.5292192069836,173.56537195389788,Standard,Running
2026-03-02 12:48:00,MAQ-01,170,611.4538918854736,178.2544585270876,Standard,Running
2026-03-02 12:52:00,MAQ-01,170,594.6844306275694,174.57949787768354,Std,Running
2026-03-02 12:56:00,MAQ-01,170,591.056500873246,168.91068692937282,Standard,Running
2026-03-02 13:00:00,MAQ-02,170,593.2 m/min,,Standard,Running
2026-03-02 13:04:00,MAQ-01,170,594.6438666157459,164.54595160460707,Standard,Running
2026-03-02 13:08:00,MAQ-01,170,608.5661710462567,172.3146332889242,Standard,Running
2026-03-02 13:12:00,MAQ-03,160,605.1504267327618,171.70094603496946,eco,Running
2026-03-02 13:16:00,MAQ-01,170,607.1565824475789,173.53190365773287,Standard,Running
2026-03-02 13:20:00,MAQ-03,170,604.2137981109809,176.57946436516104,Standard,Running
2026-03-02 13:24:00,MAQ-02,170,594.0615983775336,174.37166144832872,Standard,Running
2026-03-02 13:28:00,MAQ-01,170,606.9710285590827,176.1888261657177,Standard,Running
2026-03-02 13:32:00,MAQ-03,170,611.8245382660531,181.95115618307574,Standard,Running
2026-03-02 13:36:00,MAQ-03,170,605.8450321611931,180.4018056484589,Standard,Running
2026-03-02 13:40:00,MAQ-02,175,697.1881911430734,206.9542972380253,Top Coated,Safety_Stop
2026-03-02 13:44:00,MAQ-01,170,592.3294549342933,193.8997147060673,Standard,Overheating
2026-03-02 13:48:00,MAQ-01,170,602.1181707897448,190.68144603783287,Standard,Overheating
2026-03-02 13:52:00,MAQ-03,170,591.8 m/min,180.9001337316771,Standard,Running
2026-03-02 13:56:00,MAQ-01,160,599.759721419194,175.1811376349704,Eco,Overheating
2026-03-02 14:00:00,MAQ-03,170,583.5973336077468,164.96360963494678,Std,Running
2026-03-02 14:04:00,MAQ-01,160,583.674415970079,154.53535565080284,Eco,Running
2026-03-02 14:08:00,MAQ-03,170,598.0895231005297,157.7721212748545,Standard,Running
2026-03-02 14:12:00,MAQ-01,160,594.5156032817301,154.43409162990045,Eco,Running
2026-03-02 14:16:00,MAQ-02,170,601.0678719347418,160.21703214054094,Standard,Running
2026-03-02 14:20:00,MAQ-01,160,598.7 m/min,159.38452559364808,Eco,Running
2026-03-02 14:24:00,MAQ-01,170,600.3019078721015,162.45362696756683,Standard,Running
2026-03-02 14:28:00,MAQ-02,160,606.0860744235674,166.6562263581637,Eco,Running
2026-03-02 14:32:00,MAQ-01,170,595.3673104433917,163.848389697661,Standard,Running
2026-03-02 14:36:00,MAQ-02,170,597.8055618835514,163.76242583769837,Standard,Running
2026-03-02 14:40:00,MAQ-01,170,614.5502122276316,172.29094544031332,Standard,Running
2026-03-02 14:44:00,MAQ-03,170,600.0308412682502,173.4449950771803,Standard,Running
2026-03-02 14:48:00,MAQ-03,170,598.2078952537461,171.5835609405757,Standard,Running
2026-03-02 14:52:00,MAQ-01,170,600.825126993232,172.80646511059612,Standard,Running
2026-03-02 14:56:00,MAQ-01,170,688.0043943474012,200.35505627823892,Standard,Safety_Stop
2026-03-02 15:00:00,MAQ-01,170,592.9042770704677,188.02512261760393,Standard,Overheating
2026-03-02 15:04:00,MAQ-03,160,590.0197016282028,175.49095593022736,eco,Overheating
2026-03-02 15:08:00,MAQ-01,170,592.3656865984999,170.83225320260055,Standard,Running
2026-03-02 15:12:00,MAQ-03,175,608.7291918677079,174.09078108999168,Top Coated,Running
2026-03-02 15:16:00,MAQ-02,170,593.7009474528159,171.37154814767953,Standard,Running
2026-03-02 15:20:00,MAQ-03,170,598.4507539816373,173.46413041260107,Standard,Running
2026-03-02 15:24:00,MAQ-03,170,607.0073628513289,175.20223239226226,Standard,Running
2026-03-02 15:28:00,MAQ-02,170,597.2160882918902,173.634290222185,Standard,Running
2026-03-02 15:32:00,MAQ-03,170,606.3336131484365,174.89542034416226,Standard,Running
2026-03-02 15:36:00,MAQ-01,170,584.5920695756913,164.57968610134077,Std,Running
2026-03-02 15:40:00,MAQ-01,170,47.42601637569576,146.1621428078279,Standard,Idle
2026-03-02 15:44:00,MAQ-03,170,600.7889609659851,152.80437801527054,Standard,Running
2026-03-02 15:48:00,MAQ-01,175,600.2313872309817,161.86220457119694,Top Coated,Running
2026-03-02 15:52:00,MAQ-03,175,583.4708130216112,157.65405106871822,Top Coated,Running
2026-03-02 15:56:00,MAQ-01,170,42.497324797259424,146.70250959393252,Standard,Idle
2026-03-02 16:00:00,MAQ-01,170,591.4532705502859,151.4427668494662,Standard,Running
2026-03-02 16:04:00,MAQ-03,170,603.3503712526247,158.31016004298158,Standard,Running
2026-03-02 16:08:00,MAQ-01,170,600.0796428264733,161.85391896078335,Standard,Running
2026-03-02 16:12:00,MAQ-03,170,610.0370952381068,168.2358893139859,Std,Running
2026-03-02 16:16:00,MAQ-01,170,621.8748882937421,177.41191829418685,Standard,Running
2026-03-02 16:20:00,MAQ-01,170,587.0963551545716,166.15560389447208,Standard,Running
2026-03-02 16:24:00,MAQ-02,160,593.510861187275,159.9441722954627,Eco,Running
2026-03-02 16:28:00,MAQ-02,170,601.8909249383905,161.6287025875685,Standard,Running
2026-03-02 16:32:00,MAQ-03,170,588.946466824472,158.47946722372035,Standard,Running
2026-03-02 16:36:00,MAQ-02,170,607.8218260795576,166.2302845690346,Standard,Running
2026-03-02 16:40:00,MAQ-03,170,608.4337262215706,170.8467344860428,Standard,Running
2026-03-02 16:44:00,MAQ-02,170,605.5944907599504,171.6768421615636,Standard,Running
2026-03-02 16:48:00,MAQ-01,175,602.365817508762,173.90008856356783,Top Coated,Running
2026-03-02 16:52:00,MAQ-03,170,613.6970877796978,177.4283169259136,Standard,
2026-03-02 16:56:00,MAQ-03,160,588.4437451833114,163.26402765770104,Eco,Running
2026-03-02 17:00:00,MAQ-01,170,600.6526819534255,163.61068296322773,Standard,Running
2026-03-02 17:04:00,MAQ-03,170,592.6119713126977,160.61582556518388,Standard,Running
2026-03-02 17:08:00,MAQ-03,170,608.8991633256517,166.24042945792561,Standard,Running
2026-03-02 17:12:00,MAQ-02,170,581.6665883549357,158.94887401140002,Standard,Running
2026-03-02 17:16:00,MAQ-03,160,599.7191613440702,158.19664754559255,Eco,Running
2026-03-02 17:20:00,MAQ-01,175,603.3523868706994,164.12926085720662,Top Coated,Running
2026-03-02 17:24:00,MAQ-02,170,590.5250786502622,162.86349204767967,Std,Running
2026-03-02 17:28:00,MAQ-02,170,593.7380996777844,165.62179535151662,Standard,Running
2026-03-02 17:32:00,MAQ-01,170,13.03543870664261,149.7331654245346,Standard,Idle
2026-03-02 17:36:00,MAQ-01,175,609.5509637944148,159.38764721771636,Top Coated,Running
2026-03-02 17:40:00,MAQ-02,170,589.6713077141295,156.19980878660388,Standard,Running
2026-03-02 17:44:00,MAQ-03,170,591.4155005962532,156.87089208746258,Standard,Running
2026-03-02 17:48:00,MAQ-02,170,611.2558777104034,165.7788244101102,Standard,Running
2026-03-02 17:52:00,MAQ-01,170,597.2702460008016,165.6031707558677,Standard,Running
2026-03-02 17:56:00,MAQ-02,170,592.2246096015502,162.3598519239921,Standard,Running
2026-03-02 18:00:00,MAQ-01,170,607.2868479721692,168.52531332608484,Standard,Running
2026-03-02 18:04:00,MAQ-02,175,595.1180300276775,,Top Coated,Running
2026-03-02 18:08:00,MAQ-03,170,610.2742153533877,170.57749590802155,Standard,Running
2026-03-02 18:12:00,MAQ-02,170,593.3627962302029,164.84412578946444,Standard,Running
2026-03-02 18:16:00,MAQ-02,175,598.40405438175,168.4625532892948,Top Coated,Running
2026-03-02 18:20:00,MAQ-01,170,609.4497166538873,172.85116489244876,Standard,Running
2026-03-02 18:24:00,MAQ-01,160,597.7373912882625,167.75843635517526,Eco,Running
2026-03-02 18:28:00,MAQ-01,170,607.5605332207865,173.42310688275512,Standard,Running
2026-03-02 18:32:00,MAQ-02,170,599.3 m/min,171.1422523299485,Standard,Running
2026-03-02 18:36:00,MAQ-03,160,619.8169180640003,174.8634020988746,Eco,Overheating
2026-03-02 18:40:00,MAQ-01,170,615.6877860410285,181.2369001578449,Standard,Running
2026-03-02 18:44:00,MAQ-01,170,586.7190373756625,171.51258807583247,Standard,Running
2026-03-02 18:48:00,MAQ-02,170,605.22243681248,172.32974033189276,Standard,Running
2026-03-02 18:52:00,MAQ-01,170,591.8359601389895,165.7294108881445,Standard,Running
2026-03-02 18:56:00,MAQ-03,170,601.9150693879274,169.2724489756365,Standard,Running
2026-03-02 19:00:00,MAQ-03,170,600.6837062931027,170.40315401034374,Standard,Running
2026-03-02 19:04:00,MAQ-01,175,589.4461298290752,165.63181202988142,Top Coated,Running
2026-03-02 19:08:00,MAQ-01,170,610.5848454353032,170.30201586018467,Standard,Running
2026-03-02 19:12:00,MAQ-02,170,602.0330294356908,172.06628476172088,Standard,Running
2026-03-02 19:16:00,MAQ-03,170,597.1531696432742,169.56676285131002,Standard,Running
2026-03-02 19:20:00,MAQ-03,170,595.618901757564,166.03059571770748,Std,Running
2026-03-02 19:24:00,MAQ-01,170,601.3977696976624,168.6144159262829,Standard,Running
2026-03-02 19:28:00,MAQ-02,175,604.0792501751429,168.00082298934706,Top Coated,Running
2026-03-02 19:32:00,MAQ-03,170,598.7502421364173,167.6414736111721,Std,Running
2026-03-02 19:36:00,MAQ-03,170,571.6748042922379,,Standard,Running
2026-03-02 19:40:00,MAQ-02,170,600.1689071624248,159.972237146298,Standard,Running
2026-03-02 19:44:00,MAQ-02,170,709.9279963066247,201.3165461721847,Std,Safety_Stop
2026-03-02 19:48:00,MAQ-03,170,4.588880323558792,168.26521653437882,Standard,Idle
2026-03-02 19:52:00,MAQ-03,170,585.9543574293036,,Standard,Running
2026-03-02 19:56:00,MAQ-02,160,585.8350236492054,,Eco,Running
2026-03-02 20:00:00,MAQ-03,170,612.3512182194853,165.92296891670412,Standard,Running
2026-03-02 20:04:00,MAQ-01,170,596.7990801905561,166.68501262329954,Standard,Running
2026-03-02 20:08:00,MAQ-01,170,596.0333784017809,166.9083638798342,Standard,Running
2026-03-02 20:12:00,MAQ-02,170,604.8252404882859,172.05377983288693,Standard,Running
2026-03-02 20:16:00,MAQ-02,170,596.2940947692755,170.0995439652587,Standard,Running
2026-03-02 20:20:00,MAQ-02,170,621.0380609212741,179.5472330206599,Standard,Running
2026-03-02 20:24:00,MAQ-01,170,597.2698023927398,173.02321494852694,Standard,Running
2026-03-02 20:28:00,MAQ-03,170,603.6512541198301,175.50028266603857,Standard,Running
2026-03-02 20:32:00,MAQ-01,170,609.7094133137687,179.50065838436325,Standard,Running
2026-03-02 20:36:00,MAQ-03,170,616.0225322560691,184.15266148764167,Standard,Overheating
2026-03-02 20:40:00,MAQ-01,160,592.5799386434236,172.97492341019958,Eco,Overheating
2026-03-02 20:44:00,MAQ-03,160,595.8203649616136,167.6363281602299,eco,Running
2026-03-02 20:48:00,MAQ-01,170,612.7459187529352,173.64332584525297,Standard,Running
2026-03-02 20:52:00,MAQ-02,160,608.1006230405269,175.25103201678698,Eco,Overheating
2026-03-02 20:56:00,MAQ-01,170,610.7517593566846,179.02469886923046,Standard,Running
2026-03-02 21:00:00,MAQ-03,170,586.3129545644033,,Standard,Running
2026-03-02 21:04:00,MAQ-01,170,615.4799975392402,176.56551960449104,Standard,Running
2026-03-02 21:08:00,MAQ-01,170,592.385924567152,,Std,Running
2026-03-02 21:12:00,MAQ-01,170,601.9229297814189,172.6315781565489,Standard,
2026-03-02 21:16:00,MAQ-02,175,598.5177712240823,172.25176319829396,Top Coated,Running
2026-03-02 21:20:00,MAQ-01,170,591.2151716345193,167.2801663066204,Standard,Running
2026-03-02 21:24:00,MAQ-02,170,585.87464236579,163.47069616451154,Standard,Running
2026-03-02 21:28:00,MAQ-02,170,582.561518833671,158.66466646559402,Standard,Running
2026-03-02 21:32:00,MAQ-01,175,601.1901840605398,165.82289118145468,Top Coated,Running
2026-03-02 21:36:00,MAQ-01,170,584.7468090976654,160.65658415869163,Standard,Running
2026-03-02 21:40:00,MAQ-01,170,588.6618440491312,157.19524536827677,Standard,Running
2026-03-02 21:44:00,MAQ-03,170,597.8196412180178,158.0763249950458,Standard,Running
2026-03-02 21:48:00,MAQ-01,170,573.611914997401,148.56777784669353,Standard,Running
2026-03-02 21:52:00,MAQ-02,175,678.1141295491146,203.93466430588074,Top Coated,Safety_Stop
2026-03-02 21:56:00,MAQ-01,175,575.901118328932,183.11129221562933,Top Coated,Running
2026-03-02 22:00:00,MAQ-03,170,599.2262760866722,179.52741561766663,Standard,Running
2026-03-02 22:04:00,MAQ-01,175,600.1501922659429,179.71596884735686,Top Coated,Running
2026-03-02 22:08:00,MAQ-03,170,605.380617201818,,Standard,Running
2026-03-02 22:12:00,MAQ-03,160,599.583191976101,176.10020393323634,Eco,Overheating
2026-03-02 22:16:00,MAQ-01,170,620.1790796383324,182.71321559806242,Std,Running
2026-03-02 22:20:00,MAQ-02,170,602.163168815685,,Standard,Running
2026-03-02 22:24:00,MAQ-03,170,610.5361239924366,181.821743758021,Standard,Running
2026-03-02 22:28:00,MAQ-01,170,592.7653719112972,176.130578006697,Std,Running
2026-03-02 22:32:00,MAQ-01,170,601.2075680618947,172.42630286596622,Standard,Running
2026-03-02 22:36:00,MAQ-02,170,615.4757009502893,179.74655515206015,Standard,Running
2026-03-02 22:40:00,MAQ-03,170,597.6230487531036,174.80375122248572,Std,Running
2026-03-02 22:44:00,MAQ-03,170,601.9223476419523,175.2943152232899,Standard,Running
2026-03-02 22:48:00,MAQ-01,170,21.599468573172043,158.60431617774978,Standard,Idle
2026-03-02 22:52:00,MAQ-01,170,592.5777047980837,,Standard,Running
2026-03-02 22:56:00,MAQ-02,175,578.384396666808,152.22278812034656,Top Coated,Running
2026-03-02 23:00:00,MAQ-02,170,602.5557365371237,158.08740740296093,Standard,Running
2026-03-02 23:04:00,MAQ-03,170,46.05719400904209,,Standard,Idle
2026-03-02 23:08:00,MAQ-03,170,586.4855423510803,148.00349255508172,Standard,Running
2026-03-02 23:12:00,MAQ-01,160,606.7021989727734,153.80608664487602,Eco,Running
2026-03-02 23:16:00,MAQ-03,170,606.7696638733954,159.2304483132123,Std,Running
2026-03-02 23:20:00,MAQ-02,170,577.265037408847,152.4902714525041,Standard,Running
2026-03-02 23:24:00,MAQ-02,160,590.6371136759323,147.56378323670253,eco,Running
2026-03-02 23:28:00,MAQ-01,175,596.0417121926833,153.3782223956572,Top Coated,Running
2026-03-02 23:32:00,MAQ-02,170,598.2037599976476,,Standard,Running
2026-03-02 23:36:00,MAQ-02,170,592.5686573523202,156.9355837650046,Standard,Running
2026-03-02 23:40:00,MAQ-02,170,592.0299719641782,157.0092032203276,Standard,Running
2026-03-02 23:44:00,MAQ-02,160,616.714828911821,164.19767059960174,Eco,Running
2026-03-02 23:48:00,MAQ-01,170,598.9244086814109,164.60590905416242,Standard,Running
2026-03-02 23:52:00,MAQ-01,170,593.0495633985026,164.2883026765715,Standard,Running
2026-03-02 23:56:00,MAQ-03,175,599.5883052308745,165.8246768344009,Top Coated,Running
2026-03-03 00:00:00,MAQ-02,170,605.3709083306114,169.81239986647395,Std,Running
2026-03-03 00:04:00,MAQ-03,170,600.516263767112,171.21089325926752,Standard,Running
2026-03-03 00:08:00,MAQ-01,170,597.9427240917203,170.56391040179844,Standard,Running
2026-03-03 00:12:00,MAQ-01,170,593.4998333132954,166.2007525395183,Standard,Running
2026-03-03 00:16:00,MAQ-01,170,593.378691545324,163.2885613680599,Standard,Running
2026-03-03 00:20:00,MAQ-01,170,594.0219161351464,161.2379761604852,Standard,
2026-03-03 00:24:00,MAQ-01,170,5.13841213248909,144.52800315047693,Standard,Idle
2026-03-03 00:28:00,MAQ-01,170,590.0581990759821,146.8075469739408,Standard,Running
2026-03-03 00:32:00,MAQ-01,175,603.9326922347022,155.37378421555766,Top Coated,Running
2026-03-03 00:36:00,MAQ-02,170,614.1299475562683,164.0520665105166,Standard,Running
2026-03-03 00:40:00,MAQ-03,175,23.350893326087085,147.64623882299563,Top Coated,Idle
2026-03-03 00:44:00,MAQ-01,170,596.3041447108286,150.90834876681396,Standard,Running
2026-03-03 00:48:00,MAQ-02,160,587.0187311494537,148.22775448916502,Eco,Running
2026-03-03 00:52:00,MAQ-02,170,615.7810680791151,161.29605620168235,Standard,Running
2026-03-03 00:56:00,MAQ-03,170,588.2998234940109,156.9550917042939,Standard,Running
2026-03-03 01:00:00,MAQ-01,170,608.4856203447575,164.19382487368503,Standard,Running
2026-03-03 01:04:00,MAQ-03,160,606.3851786059448,161.72402366940318,eco,Running
2026-03-03 01:08:00,MAQ-01,170,597.6323139703594,161.69473722388014,Standard,Running
2026-03-03 01:12:00,MAQ-02,170,597.3702119621933,163.1142543171731,Standard,Running
2026-03-03 01:16:00,MAQ-02,170,581.6428872595898,155.28294258120263,Standard,Running
2026-03-03 01:20:00,MAQ-02,160,603.3006500081262,161.78820131945395,Eco,Running
2026-03-03 01:24:00,MAQ-02,170,606.199263323958,165.34879444245644,Standard,Running
2026-03-03 01:28:00,MAQ-03,170,589.1091988385219,159.66350375516703,Standard,Running
2026-03-03 01:32:00,MAQ-01,170,598.441785256709,161.40076992168127,Standard,
2026-03-03 01:36:00,MAQ-01,160,705.925857792804,188.15136430836947,Eco,Safety_Stop
2026-03-03 01:40:00,MAQ-03,170,28.9798363706337,165.37748214650463,Standard,Idle
2026-03-03 01:44:00,MAQ-01,170,600.0380307612319,167.06736173433853,Standard,Running
2026-03-03 01:48:00,MAQ-02,170,583.7368064603842,162.41183376303402,Std,Running
2026-03-03 01:52:00,MAQ-01,170,594.7006223053751,160.78616923437986,Std,Running
2026-03-03 01:56:00,MAQ-02,170,602.2462578538901,165.60529981987196,Standard,Running
2026-03-03 02:00:00,MAQ-03,170,608.4152834203976,173.06428627586632,Standard,Running
2026-03-03 02:04:00,MAQ-01,170,593.8236339060576,169.16724211057826,Standard,Running
2026-03-03 02:08:00,MAQ-03,170,621.8764987455002,180.14882310461442,Standard,Running
2026-03-03 02:12:00,MAQ-01,170,581.0552693116304,166.65636081405057,Std,Running
2026-03-03 02:16:00,MAQ-02,170,594.362998249421,165.76860616044405,Standard,Running
2026-03-03 02:20:00,MAQ-03,170,599.1696639650722,164.4324542729716,Standard,Running
2026-03-03 02:24:00,MAQ-01,170,597.9925083644714,162.381794047672,Standard,Running
2026-03-03 02:28:00,MAQ-02,170,587.6785767018516,,Standard,Running
2026-03-03 02:32:00,MAQ-03,170,701.4602285411249,199.08770503681725,Standard,Safety_Stop
2026-03-03 02:36:00,MAQ-03,170,603.7109405131392,191.01322299070748,Standard,Overheating
2026-03-03 02:40:00,MAQ-01,170,672.527323874409,198.94049456415462,Standard,Safety_Stop
2026-03-03 02:44:00,MAQ-01,170,603.3184386325852,192.16822601591116,Standard,Overheating
2026-03-03 02:48:00,MAQ-01,170,595.7622358855197,183.45646716625563,Standard,Running
2026-03-03 02:52:00,MAQ-02,160,583.8263704989143,166.70271927929272,Eco,Running
2026-03-03 02:56:00,MAQ-01,170,592.8336012994776,164.1088526780214,Standard,Running
2026-03-03 03:00:00,MAQ-03,170,601.5705458140944,166.80841467837638,Standard,Running
2026-03-03 03:04:00,MAQ-03,170,601.627444148464,168.07255528773052,Standard,Running
2026-03-03 03:08:00,MAQ-01,170,600.4137905258585,170.17490586734843,Standard,Running
2026-03-03 03:12:00,MAQ-01,170,605.4870826798503,172.49641765944904,Standard,Running
2026-03-03 03:16:00,MAQ-03,170,594.1885395454998,169.3450514728013,Standard,Running
2026-03-03 03:20:00,MAQ-02,170,600.2668105711053,169.3667437870705,Standard,Running
2026-03-03 03:24:00,MAQ-01,170,605.7209277840492,172.52384289691486,Standard,Running
2026-03-03 03:28:00,MAQ-01,170,599.1511018149764,170.99255155188922,Standard,Running
2026-03-03 03:32:00,MAQ-03,170,587.566760715939,162.93676981717334,Standard,Running
2026-03-03 03:36:00,MAQ-01,160,590.3851163034446,156.5194547875556,Eco,Running
2026-03-03 03:40:00,MAQ-02,170,608.3085232427936,166.12739134472758,Std,Running
2026-03-03 03:44:00,MAQ-03,175,34.48956236564331,157.61590482962234,Top Coated,Idle
2026-03-03 03:48:00,MAQ-01,170,611.7528310782404,167.43844420950438,Standard,Running
2026-03-03 03:52:00,MAQ-03,170,691.0061557644651,200.51903607804962,Standard,Safety_Stop
2026-03-03 03:56:00,MAQ-01,170,587.968673979833,,Std,Overheating
2026-03-03 04:00:00,MAQ-01,170,599.9364844322713,180.23658978254883,Standard,Running
2026-03-03 04:04:00,MAQ-01,160,615.6225513195042,181.4323273474221,Eco,Overheating
2026-03-03 04:08:00,MAQ-02,170,606.1848838045647,181.9868526586626,Standard,Running
2026-03-03 04:12:00,MAQ-02,175,597.9252247731613,178.11807685962154,Top Coated,Running
2026-03-03 04:16:00,MAQ-03,170,606.2862523284122,177.22838003220397,Standard,Running
2026-03-03 04:20:00,MAQ-01,175,587.306047933844,172.9687475786266,Top Coated,Running
2026-03-03 04:24:00,MAQ-01,170,27.061910721691508,150.80762601446793,Standard,Idle
2026-03-03 04:28:00,MAQ-02,170,589.1580860897767,151.31705535969442,Standard,Running
2026-03-03 04:32:00,MAQ-01,170,604.6957181834844,158.8859871196546,Standard,Running
2026-03-03 04:36:00,MAQ-02,170,607.1410349972009,165.89501714569832,Standard,Running
2026-03-03 04:40:00,MAQ-01,170,598.4617397280164,169.20983552224496,Standard,Running
2026-03-03 04:44:00,MAQ-03,170,591.2707032326043,166.14181908232695,Standard,Running
2026-03-03 04:48:00,MAQ-01,160,29.706819573877564,143.60031662727698,Eco,Idle
2026-03-03 04:52:00,MAQ-01,170,595.1342010932619,150.27870720296795,Standard,Running
2026-03-03 04:56:00,MAQ-02,170,592.0382929530625,154.41447814321597,Standard,Running
2026-03-03 05:00:00,MAQ-01,170,603.3899368530924,161.8186078428595,Standard,Running
2026-03-03 05:04:00,MAQ-01,170,592.4200777748133,159.70523696659166,Standard,Running
2026-03-03 05:08:00,MAQ-02,170,584.3 m/min,155.23569120666576,Standard,Running
2026-03-03 05:12:00,MAQ-03,170,586.5588552963682,153.81293565454177,Standard,Running
2026-03-03 05:16:00,MAQ-03,170,583.9673953318405,148.67246727035075,Std,Running
2026-03-03 05:20:00,MAQ-02,170,602.4751191657621,156.051428237444,Standard,Running
2026-03-03 05:24:00,MAQ-02,170,688.7320236582555,199.67649078041637,Standard,Safety_Stop
2026-03-03 05:28:00,MAQ-02,170,601.0052009450816,191.15482465949555,Standard,Overheating
2026-03-03 05:32:00,MAQ-02,170,605.8773165247994,189.7399047311788,Standard,Overheating
2026-03-03 05:36:00,MAQ-02,170,611.9195885611712,187.6309332585428,Standard,Overheating
2026-03-03 05:40:00,MAQ-03,170,20.63391241895746,160.0826855739617,Standard,Idle
2026-03-03 05:44:00,MAQ-03,170,604.0647747723842,165.0600023104134,Std,Running
2026-03-03 05:48:00,MAQ-02,170,584.2038449259412,157.97046295856637,Standard,Running
2026-03-03 05:52:00,MAQ-01,175,613.7870974626335,169.98584806827657,Top Coated,Running
2026-03-03 05:56:00,MAQ-02,170,587.5516876178184,163.99380208279268,Standard,Running
2026-03-03 06:00:00,MAQ-01,160,592.8991888095957,159.26055806989,Eco,Running
2026-03-03 06:04:00,MAQ-02,170,594.0229048626691,158.88318262712627,Standard,Running
2026-03-03 06:08:00,MAQ-02,170,584.7372900327779,154.76705117999,Standard,Running
2026-03-03 06:12:00,MAQ-03,170,600.3257557740856,,Standard,Running
2026-03-03 06:16:00,MAQ-01,175,602.1390386820149,163.97405371216175,Top Coated,Running
2026-03-03 06:20:00,MAQ-01,170,598.1058632901845,164.42452779280939,Standard,Running
2026-03-03 06:24:00,MAQ-03,160,584.5975236796892,156.99184646415327,Eco,Running
2026-03-03 06:28:00,MAQ-03,160,619.8338623485171,168.2784678021985,eco,Running
2026-03-03 06:32:00,MAQ-03,170,605.4923079650165,170.21258805156285,Standard,Running
2026-03-03 06:36:00,MAQ-03,170,626.3422204364996,183.20355066694003,Std,Running
2026-03-03 06:40:00,MAQ-01,170,4.033488369558869,155.32798329593842,Standard,Idle
2026-03-03 06:44:00,MAQ-01,170,609.5788222817698,166.33392333587986,Standard,Running
2026-03-03 06:48:00,MAQ-02,160,678.6243906097218,191.10228937492914,Eco,Safety_Stop
2026-03-03 06:52:00,MAQ-02,175,597.0942489690264,183.99380171780285,Top Coated,Running
2026-03-03 06:56:00,MAQ-03,170,614.1105090105923,187.76569302345754,Standard,Overheating
2026-03-03 07:00:00,MAQ-03,170,595.9458999238623,180.81972099895012,Standard,Running
2026-03-03 07:04:00,MAQ-03,170,596.391085805754,173.83789930747375,Standard,Running
2026-03-03 07:08:00,MAQ-02,170,-500,154.31081528170182,Standard,Running
2026-03-03 07:12:00,MAQ-02,160,604.0902805374263,155.76395155500896,Eco,Running
2026-03-03 07:16:00,MAQ-02,170,586.7449008831759,150.85349382753435,Standard,Running
2026-03-03 07:20:00,MAQ-02,170,2.4756314851146763,133.87156880678114,Standard,Idle
2026-03-03 07:24:00,MAQ-02,170,589.7378036125497,137.05843538314113,Standard,Running
2026-03-03 07:28:00,MAQ-02,170,596.3376846068173,146.69155071664656,Standard,Running
2026-03-03 07:32:00,MAQ-02,170,604.4388023021744,157.1876304340848,Standard,Running
2026-03-03 07:36:00,MAQ-03,170,600.1114156304876,161.94964027042883,Standard,Running
2026-03-03 07:40:00,MAQ-03,170,607.0964129050581,166.827936888714,Standard,
2026-03-03 07:44:00,MAQ-03,170,612.6562953558563,175.10187632905937,Standard,Running
2026-03-03 07:48:00,MAQ-03,160,596.3120406332216,170.4250489887755,Eco,Running
2026-03-03 07:52:00,MAQ-02,170,595.2143275798388,168.0769766814063,Standard,Running
2026-03-03 07:56:00,MAQ-01,170,609.57727653662,173.79084370422677,Standard,Running
2026-03-03 08:00:00,MAQ-02,170,610.3704728873993,176.82545045553638,Standard,Running
2026-03-03 08:04:00,MAQ-01,170,607.4059086810305,178.91504997336526,Standard,Running
2026-03-03 08:08:00,MAQ-03,170,590.4782119326065,170.12835858800915,Standard,Running
2026-03-03 08:12:00,MAQ-02,170,604.226550655016,173.14282547678079,Standard,Running
2026-03-03 08:16:00,MAQ-03,170,601.0947060404729,173.35001397266458,Std,Running
2026-03-03 08:20:00,MAQ-02,170,610.5 m/min,176.7294420007774,Standard,Running
2026-03-03 08:24:00,MAQ-03,170,48.154706544890125,153.002210791325,Standard,Idle
2026-03-03 08:28:00,MAQ-01,170,583.3338970885009,149.94031160984298,Std,Running
2026-03-03 08:32:00,MAQ-01,175,606.9023680038027,161.1805634868802,Top Coated,Running
2026-03-03 08:36:00,MAQ-01,170,574.4163161674289,151.6899941376162,Standard,Running
2026-03-03 08:40:00,MAQ-02,170,592.6848659610367,153.6906768998915,Standard,Running
2026-03-03 08:44:00,MAQ-01,170,589.768044886817,153.05702159181556,Standard,Running
2026-03-03 08:48:00,MAQ-02,170,589.7006532909426,152.257104193673,Standard,Running
2026-03-03 08:52:00,MAQ-01,170,592.509685290449,153.13105428160262,Standard,Running
2026-03-03 08:56:00,MAQ-01,170,14.45683592093805,146.1299775690212,Standard,Idle
2026-03-03 09:00:00,MAQ-02,175,608.2055541900637,157.38064832525185,Top Coated,Running
2026-03-03 09:04:00,MAQ-02,170,597.482693180075,159.715351926004,Standard,Running
2026-03-03 09:08:00,MAQ-01,170,611.3362347185905,167.31482213440597,Standard,Running
2026-03-03 09:12:00,MAQ-02,170,589.3770284483362,163.03176906187687,Standard,Running
2026-03-03 09:16:00,MAQ-01,170,588.0171661425284,157.06822708719994,Standard,Running
2026-03-03 09:20:00,MAQ-02,170,608.6359665924659,163.24344600409998,Std,Running
2026-03-03 09:24:00,MAQ-03,170,605.7964322932264,167.27805426168015,Standard,Running
2026-03-03 09:28:00,MAQ-03,170,595.3973659841668,167.45572120950288,Standard,Running
2026-03-03 09:32:00,MAQ-03,160,588.6453910630187,159.66216006376553,Eco,Running
2026-03-03 09:36:00,MAQ-03,170,614.5973187503794,169.0738945451296,Std,Running
2026-03-03 09:40:00,MAQ-03,170,582.7989744905218,161.3486150851206,Standard,Running
2026-03-03 09:44:00,MAQ-01,170,594.0157406465644,,Standard,Running
2026-03-03 09:48:00,MAQ-03,170,602.285765275179,168.91120590316592,Standard,Running
2026-03-03 09:52:00,MAQ-03,170,618.0216480843145,180.12185602519773,Standard,Running
2026-03-03 09:56:00,MAQ-03,170,603.8310021207323,179.3302680184291,Standard,Running
2026-03-03 10:00:00,MAQ-03,170,604.803046530133,178.4668005056175,Standard,Running
2026-03-03 10:04:00,MAQ-02,160,594.3061629985187,171.07665716702144,Eco,Running
2026-03-03 10:08:00,MAQ-01,170,605.684802252746,172.07367710580047,Standard,Running
2026-03-03 10:12:00,MAQ-03,170,601.0530932087909,171.62213262276097,Standard,Running
2026-03-03 10:16:00,MAQ-03,160,584.1153545958244,159.454738148051,Eco,Running
2026-03-03 10:20:00,MAQ-03,170,607.929348534931,165.3331581729219,Standard,Running
2026-03-03 10:24:00,MAQ-01,170,609.7039338984686,170.7063639298577,Standard,Running
2026-03-03 10:28:00,MAQ-02,170,608.0336504882116,174.01133766546386,Standard,Running
2026-03-03 10:32:00,MAQ-01,170,600.333279256658,173.24736286960632,Standard,Running
2026-03-03 10:36:00,MAQ-02,170,590.4382311685035,164.73345376370702,Standard,Running
2026-03-03 10:40:00,MAQ-03,175,576.9081626871514,156.129232728197,Top Coated,Running
2026-03-03 10:44:00,MAQ-03,170,706.6830711787925,198.9337832789563,Standard,Safety_Stop
2026-03-03 10:48:00,MAQ-01,170,610.8194205974085,199.2318721140768,Standard,Overheating
2026-03-03 10:52:00,MAQ-01,170,609.9553246908308,,Standard,Overheating
2026-03-03 10:56:00,MAQ-02,170,608.1607284339385,191.7131863512002,Standard,Overheating
2026-03-03 11:00:00,MAQ-02,170,599.2578902145061,,Standard,Overheating
2026-03-03 11:04:00,MAQ-01,170,610.8746417403149,183.8979624792828,Standard,Overheating
2026-03-03 11:08:00,MAQ-02,175,609.241618238559,185.14823978414003,Top Coated,Running
2026-03-03 11:12:00,MAQ-01,170,595.7736643927844,177.99583918037771,Standard,Running
2026-03-03 11:16:00,MAQ-02,170,6.361244346850537,157.6608268009417,Standard,Idle
2026-03-03 11:20:00,MAQ-01,170,594.6404085459071,160.41815356965733,Standard,Running
2026-03-03 11:24:00,MAQ-01,170,36.43185111584496,141.42116268825433,Std,Idle
2026-03-03 11:28:00,MAQ-01,170,587.0088335569893,142.86347752742364,Standard,Running
2026-03-03 11:32:00,MAQ-02,170,587.7778819132708,144.5669479555747,Standard,Running
2026-03-03 11:36:00,MAQ-02,170,610.582070469439,157.23849546304126,Standard,Running
2026-03-03 11:40:00,MAQ-02,170,704.611782368041,201.51862403945643,Standard,Safety_Stop
2026-03-03 11:44:00,MAQ-01,170,606.3361154057583,196.26072078116874,Standard,Overheating
2026-03-03 11:48:00,MAQ-02,170,600.8796882105283,191.44067471729983,Standard,
2026-03-03 11:52:00,MAQ-02,175,576.0872556897585,175.93407722024637,Top Coated,Running
2026-03-03 11:56:00,MAQ-01,170,599.2512406179351,172.87299694122774,Standard,Running
2026-03-03 12:00:00,MAQ-03,170,604.5418316718984,172.7997348099549,Standard,Running
2026-03-03 12:04:00,MAQ-01,170,594.6526675244041,168.30047641285964,Standard,Running
2026-03-03 12:08:00,MAQ-02,175,592.8750580719176,167.25439302207775,Top Coated,Running
2026-03-03 12:12:00,MAQ-01,175,614.444203881537,177.37437885367493,Top Coated,Running
2026-03-03 12:16:00,MAQ-03,170,599.4 m/min,174.82639209951887,Standard,Running
2026-03-03 12:20:00,MAQ-01,160,20.181294763494854,152.13017646143118,Eco,Idle
2026-03-03 12:24:00,MAQ-02,170,607.7413146161937,161.69280824879343,Standard,Running
2026-03-03 12:28:00,MAQ-03,170,589.9856292349492,159.95637372703737,Standard,Running
2026-03-03 12:32:00,MAQ-02,170,698.9914789983354,,Standard,Safety_Stop
2026-03-03 12:36:00,MAQ-03,170,613.196444944773,199.9445295297353,Standard,Overheating
2026-03-03 12:40:00,MAQ-03,170,618.1922318329972,200.14743687817293,Standard,Overheating
2026-03-03 12:44:00,MAQ-01,160,36.496175964291055,169.52763183663455,Eco,Idle
2026-03-03 12:48:00,MAQ-01,170,597.6205645265293,168.46075445365565,Standard,Running
2026-03-03 12:52:00,MAQ-02,170,602.6902406813754,170.1474948057859,Standard,Running
2026-03-03 12:56:00,MAQ-01,170,602.4363704702752,170.26675001718928,Standard,Running
2026-03-03 13:00:00,MAQ-01,170,613.8675806613115,175.1160892098108,Standard,
2026-03-03 13:04:00,MAQ-03,170,590.0360831083293,170.11796165627646,Standard,Running
2026-03-03 13:08:00,MAQ-01,170,597.2012691383397,167.10951799167495,Standard,Running
2026-03-03 13:12:00,MAQ-03,170,44.120459322189426,141.7872499212054,Standard,Idle
2026-03-03 13:16:00,MAQ-03,175,589.8790511420242,143.9230885062056,Top Coated,Running
2026-03-03 13:20:00,MAQ-03,170,603.7657401513912,154.8074187252875,Standard,Running
2026-03-03 13:24:00,MAQ-02,170,608.0985784163703,161.91801946768996,Standard,Running
2026-03-03 13:28:00,MAQ-02,170,593.5060830625625,161.09223375652556,Standard,Running
2026-03-03 13:32:00,MAQ-02,170,607.7209478897529,167.29187263154546,Standard,Running
2026-03-03 13:36:00,MAQ-03,170,611.1157865713196,173.10022317602417,Standard,Running
2026-03-03 13:40:00,MAQ-02,170,619.3470599843339,,Standard,Running
2026-03-03 13:44:00,MAQ-02,175,600.6974684884104,181.6529466019973,Top Coated,Running
2026-03-03 13:48:00,MAQ-01,170,593.6023547255587,174.91270880138197,Std,Running
2026-03-03 13:52:00,MAQ-02,175,701.557804957397,205.79409637495945,Top Coated,Safety_Stop
2026-03-03 13:56:00,MAQ-02,160,588.9820680208011,187.60914815507252,Eco,Overheating
2026-03-03 14:00:00,MAQ-03,170,612.4978070140361,189.07202697935037,Standard,Overheating
2026-03-03 14:04:00,MAQ-03,175,584.8490465704435,177.50225698341572,Top Coated,Running
2026-03-03 14:08:00,MAQ-03,170,39.028636291047,158.72823640715723,Std,Idle
2026-03-03 14:12:00,MAQ-03,160,591.3155897074785,153.00808456155121,eco,Running
2026-03-03 14:16:00,MAQ-03,170,593.1479380214059,152.07763232148932,Standard,Running
2026-03-03 14:20:00,MAQ-03,160,598.4844454499002,153.76967408103582,Eco,Running
2026-03-03 14:24:00,MAQ-02,160,25.058136572874517,128.7844693753506,Eco,
2026-03-03 14:28:00,MAQ-03,160,609.3197975495957,143.2967810326212,Eco,Running
2026-03-03 14:32:00,MAQ-03,170,618.1334395198278,160.25437985994762,Standard,Running
2026-03-03 14:36:00,MAQ-01,170,593.4256784244686,157.13298594945408,Standard,Running
2026-03-03 14:40:00,MAQ-02,170,595.6776216083538,156.80033257386316,Std,Running
2026-03-03 14:44:00,MAQ-02,170,598.4 m/min,161.0305634854313,Standard,Running
2026-03-03 14:48:00,MAQ-02,170,605.4105676349263,165.1039796005649,Standard,Running
2026-03-03 14:52:00,MAQ-03,170,4.571313443085462,,Standard,Idle
2026-03-03 14:56:00,MAQ-03,170,613.872574110526,158.88802902670184,Standard,Running
2026-03-03 15:00:00,MAQ-03,175,611.5 m/min,168.97041029463304,Top Coated,Running
2026-03-03 15:04:00,MAQ-01,170,588.145376464049,164.243725148392,Standard,Running
2026-03-03 15:08:00,MAQ-03,160,605.2096816557483,164.92841754136967,Eco,Running
2026-03-03 15:12:00,MAQ-01,170,615.2033923730951,173.8958784438048,Standard,Running
2026-03-03 15:16:00,MAQ-02,160,595.0521905423311,170.15954163477244,Eco,Running
2026-03-03 15:20:00,MAQ-03,175,597.0573512820645,166.15264013759162,Top Coated,Running
2026-03-03 15:24:00,MAQ-01,170,594.7196300214705,164.08860810607302,Standard,Running
2026-03-03 15:28:00,MAQ-01,170,594.929243844765,164.64794859267474,Standard,Running
2026-03-03 15:32:00,MAQ-03,170,583.3154844808895,159.70799503853064,Standard,Running
2026-03-03 15:36:00,MAQ-02,170,586.7168504853495,158.0210936348738,Standard,Running
2026-03-03 15:40:00,MAQ-02,170,600.7747371873724,164.09992955015858,Standard,Running
2026-03-03 15:44:00,MAQ-02,170,615.1359797465278,175.83321525028367,Standard,Running
2026-03-03 15:48:00,MAQ-01,170,593.8663918748172,171.07830214038202,Standard,Running
2026-03-03 15:52:00,MAQ-01,170,593.5724269705145,169.656373756851,Standard,Running
2026-03-03 15:56:00,MAQ-01,170,617.0 m/min,176.58707983649194,Standard,Running
2026-03-03 16:00:00,MAQ-01,170,588.9174253818401,168.8092250266079,Standard,Running
2026-03-03 16:04:00,MAQ-02,170,583.4 m/min,160.48507901659994,Standard,Running
2026-03-03 16:08:00,MAQ-03,175,591.714845638625,159.9071541668013,Top Coated,Running
2026-03-03 16:12:00,MAQ-01,170,593.3721552120563,158.00562220329329,Standard,Running
2026-03-03 16:16:00,MAQ-01,175,-500,155.92049711116036,Top Coated,Running
2026-03-03 16:20:00,MAQ-02,170,598.7195829372539,159.37790576050696,Standard,Running
2026-03-03 16:24:00,MAQ-03,170,31.559403903003556,147.27319157357476,Standard,Idle
2026-03-03 16:28:00,MAQ-03,170,587.1404522628518,148.01438021778995,Standard,Running
2026-03-03 16:32:00,MAQ-02,170,18.14329084975517,133.23835237114386,Standard,Idle
2026-03-03 16:36:00,MAQ-02,170,603.9593567562678,147.8771785809582,Standard,Running
2026-03-03 16:40:00,MAQ-03,170,599.166157247257,154.56997102015555,Standard,Running
2026-03-03 16:44:00,MAQ-01,170,601.8569258974106,158.7538346572434,Standard,Running
2026-03-03 16:48:00,MAQ-03,170,677.8 m/min,201.13963781201403,Standard,Safety_Stop
2026-03-03 16:52:00,MAQ-02,170,591.8727204308157,184.97683743471097,Standard,Overheating
2026-03-03 16:56:00,MAQ-01,170,697.4002434665272,200.6140762230491,Standard,Safety_Stop
2026-03-03 17:00:00,MAQ-01,170,612.5 m/min,196.2749293400517,Standard,Overheating
2026-03-03 17:04:00,MAQ-02,170,611.8991139724117,196.41009086429213,Standard,Overheating
2026-03-03 17:08:00,MAQ-02,170,687.6934183220086,198.7709475524074,Standard,Safety_Stop
2026-03-03 17:12:00,MAQ-02,170,584.2502053056697,183.94941198150875,Standard,Overheating
2026-03-03 17:16:00,MAQ-03,175,609.2606237781197,185.36248093080548,Top Coated,Running
2026-03-03 17:20:00,MAQ-03,170,606.556014275495,184.78518062738493,Standard,Overheating
2026-03-03 17:24:00,MAQ-01,170,584.6347638505622,171.85875609541452,Standard,Running
2026-03-03 17:28:00,MAQ-02,175,597.8508964484993,169.3298832631904,Top Coated,Running
2026-03-03 17:32:00,MAQ-01,170,602.7679344932529,173.11325010740683,Standard,Running
2026-03-03 17:36:00,MAQ-01,170,616.6431709812464,179.78411799974688,Std,Running
2026-03-03 17:40:00,MAQ-01,170,607.2472385789426,180.93563919576124,Standard,Running
2026-03-03 17:44:00,MAQ-01,170,591.3543427272169,172.269231900234,Standard,
2026-03-03 17:48:00,MAQ-02,170,616.9538845845196,,Std,Running
2026-03-03 17:52:00,MAQ-01,170,600.4377976271389,177.73677158750735,Standard,Running
2026-03-03 17:56:00,MAQ-02,170,597.4415886309691,174.7594181692913,Standard,Running
2026-03-03 18:00:00,MAQ-02,170,596.7288180341119,170.9030574981596,Std,Running
2026-03-03 18:04:00,MAQ-03,175,583.7644476197687,162.492409496131,Top Coated,Running
2026-03-03 18:08:00,MAQ-02,160,598.9023049618386,160.20817437919254,Eco,Running
2026-03-03 18:12:00,MAQ-03,170,604.9748525730565,168.89257297600432,Standard,Running
2026-03-03 18:16:00,MAQ-02,170,596.1461667247478,168.34546709703605,Standard,Running
2026-03-03 18:20:00,MAQ-02,170,604.2 m/min,171.0360801084422,Standard,Running
2026-03-03 18:24:00,MAQ-02,170,591.3560892908582,169.862530198458,Standard,Running
2026-03-03 18:28:00,MAQ-03,170,598.6 m/min,167.37750505686617,Standard,Running
2026-03-03 18:32:00,MAQ-03,170,603.1654032660863,170.43131336890042,Standard,Running
2026-03-03 18:36:00,MAQ-01,160,601.8966087706342,170.95253316443524,Eco,Running
2026-03-03 18:40:00,MAQ-03,170,583.9453491028096,162.95874565130015,Standard,Running
2026-03-03 18:44:00,MAQ-03,170,595.6099404912877,,Standard,Running
2026-03-03 18:48:00,MAQ-03,170,616.7746293031261,172.58778241129224,Standard,Running
2026-03-03 18:52:00,MAQ-03,170,595.0755392566948,169.4432063656338,Standard,Running
2026-03-03 18:56:00,MAQ-01,160,600.1580754411184,169.30886963322666,Eco,Running
2026-03-03 19:00:00,MAQ-03,170,599.1324424945105,168.68435189185678,Standard,Running
2026-03-03 19:04:00,MAQ-02,170,615.6823975891965,,Standard,Running
2026-03-03 19:08:00,MAQ-02,170,612.9036812219467,181.11657582444855,Standard,Running
2026-03-03 19:12:00,MAQ-03,170,608.0753099981881,182.35787552222277,Standard,Running
2026-03-03 19:16:00,MAQ-03,170,590.3 m/min,173.50281355724897,Standard,Running
2026-03-03 19:20:00,MAQ-02,170,603.6 m/min,175.99134751553694,Standard,Running
2026-03-03 19:24:00,MAQ-02,170,605.6794174307513,179.1474385191502,Standard,Running
2026-03-03 19:28:00,MAQ-01,170,593.0139516440395,173.25819221014808,Standard,Running
2026-03-03 19:32:00,MAQ-02,170,20.68664487901649,148.37485784082068,Standard,Idle
2026-03-03 19:36:00,MAQ-02,170,617.0501414720703,166.54137487695405,Standard,Running
2026-03-03 19:40:00,MAQ-03,170,596.9919668778307,164.89481316212982,Standard,Running
2026-03-03 19:44:00,MAQ-02,170,616.1497681891115,175.50493929459057,Standard,Running
2026-03-03 19:48:00,MAQ-01,170,609.9709375549453,178.27204124325834,Standard,Running
2026-03-03 19:52:00,MAQ-02,175,604.0787678237532,178.20684572838445,Top Coated,Running
2026-03-03 19:56:00,MAQ-03,160,604.5253143635948,176.24497706124916,Eco,Overheating
2026-03-03 20:00:00,MAQ-03,175,585.9958043966923,169.84851126465247,Top Coated,Running
2026-03-03 20:04:00,MAQ-02,170,602.0677477983442,170.33817615892198,Standard,Running
2026-03-03 20:08:00,MAQ-03,170,614.1702041298163,176.01500887263083,Standard,Running
2026-03-03 20:12:00,MAQ-01,170,606.8133950318561,176.5380796655995,Standard,Running
2026-03-03 20:16:00,MAQ-01,170,689.7158514233842,201.46832413335596,Standard,Safety_Stop
2026-03-03 20:20:00,MAQ-02,160,617.1193719581703,198.44516345429108,Eco,Overheating
2026-03-03 20:24:00,MAQ-02,170,598.149592773392,187.82055615299217,Standard,Overheating
2026-03-03 20:28:00,MAQ-02,170,593.8044432497832,179.66224896458402,Standard,Running
2026-03-03 20:32:00,MAQ-03,170,601.5383191607825,176.5040812438321,Standard,Running
2026-03-03 20:36:00,MAQ-01,170,607.6646736811159,179.93107532271685,Standard,Running
2026-03-03 20:40:00,MAQ-01,170,582.8220590419174,169.86734071500422,Standard,Running
2026-03-03 20:44:00,MAQ-03,170,602.8486864349042,170.73076247874477,Standard,Running
2026-03-03 20:48:00,MAQ-01,170,608.1034501553631,174.05400335059807,Standard,Running
2026-03-03 20:52:00,MAQ-02,170,597.3035837470314,,Standard,Running
2026-03-03 20:56:00,MAQ-02,170,4.734049525239753,153.9468142146974,Standard,Idle
2026-03-03 21:00:00,MAQ-02,170,606.4118666241108,161.96731332299836,Standard,Running
2026-03-03 21:04:00,MAQ-01,160,621.4138311851108,171.3019018525273,eco,Running
2026-03-03 21:08:00,MAQ-02,175,592.4939710241879,167.2663261843603,Top Coated,Running
2026-03-03 21:12:00,MAQ-03,170,608.3070985049609,173.3821762290093,Standard,Running
2026-03-03 21:16:00,MAQ-03,170,589.826760922026,168.33788495181852,Standard,Running
2026-03-03 21:20:00,MAQ-01,170,583.8463354872327,,Standard,Running
2026-03-03 21:24:00,MAQ-03,170,579.6446915718212,154.9102011056392,Standard,Running
2026-03-03 21:28:00,MAQ-03,170,605.3832402239692,162.81113749104458,Standard,Running
2026-03-03 21:32:00,MAQ-01,160,601.842479139441,162.48694443121354,Eco,Running
2026-03-03 21:36:00,MAQ-02,170,595.2094894263824,160.13191946826615,Standard,Running
2026-03-03 21:40:00,MAQ-02,175,582.2649566605039,157.60235750817765,Top Coated,
2026-03-03 21:44:00,MAQ-02,170,593.0961337386133,158.9791563410383,Standard,Running
2026-03-03 21:48:00,MAQ-01,170,600.0409300767545,163.57167022537163,Standard,Running
2026-03-03 21:52:00,MAQ-03,170,607.931693667931,170.85446952190816,Standard,Running
2026-03-03 21:56:00,MAQ-02,160,599.8346424975238,168.11319593955594,Eco,Running
2026-03-03 22:00:00,MAQ-02,170,602.5206034270528,169.81986235306655,Standard,Running
2026-03-03 22:04:00,MAQ-01,170,596.2386761902586,169.87840705981725,Standard,Running
2026-03-03 22:08:00,MAQ-02,170,681.0781847249843,199.97164107074263,Standard,Safety_Stop
2026-03-03 22:12:00,MAQ-01,170,589.8175035567177,186.144798719573,Standard,Overheating
2026-03-03 22:16:00,MAQ-03,170,593.0076178271487,177.26575346094876,Standard,Running
2026-03-03 22:20:00,MAQ-01,170,595.0764192600649,174.0632730919533,Std,Running
2026-03-03 22:24:00,MAQ-01,170,605.4270439797673,175.3507782410763,Standard,Running
2026-03-03 22:28:00,MAQ-01,170,589.6114021021313,169.37494390376744,Standard,Running
2026-03-03 22:32:00,MAQ-01,170,601.35718590548,170.2843149927822,Standard,Running
2026-03-03 22:36:00,MAQ-03,170,601.6491014342656,169.10828754741874,Std,Running
2026-03-03 22:40:00,MAQ-03,170,593.0564202926662,167.3267742444215,Standard,Running
2026-03-03 22:44:00,MAQ-02,170,603.2997946095686,170.7019956581225,Standard,Running
2026-03-03 22:48:00,MAQ-03,170,589.9218610126256,165.1225619113298,Standard,Running
2026-03-03 22:52:00,MAQ-03,170,588.8292585753825,161.54866543025878,Standard,Running
2026-03-03 22:56:00,MAQ-02,175,600.9960575652144,167.5714783990667,Top Coated,Running
2026-03-03 23:00:00,MAQ-03,170,583.4024441452194,162.53985395553858,Standard,Running
2026-03-03 23:04:00,MAQ-01,170,578.5519729744976,154.45073214992738,Standard,Running
2026-03-03 23:08:00,MAQ-01,170,605.328333007968,161.91273836750028,Standard,Running
2026-03-03 23:12:00,MAQ-02,170,610.4896994259117,169.93106142591034,Standard,Running
2026-03-03 23:16:00,MAQ-02,170,595.3319688130747,167.1094149865011,Std,Running
2026-03-03 23:20:00,MAQ-02,170,593.3 m/min,164.9212235211182,Standard,Running
2026-03-03 23:24:00,MAQ-01,170,610.0553522597456,170.8425416289655,Standard,Running
2026-03-03 23:28:00,MAQ-03,170,588.5446178200108,164.42396133707825,Standard,Running
2026-03-03 23:32:00,MAQ-01,170,586.3662737527884,158.19453992688884,Standard,Running
2026-03-03 23:36:00,MAQ-02,170,607.0763642370849,165.2735762818626,Standard,Running
2026-03-03 23:40:00,MAQ-03,170,600.090381865123,166.82247725565315,Standard,Running
2026-03-03 23:44:00,MAQ-03,170,610.6487673929024,,Standard,Running
2026-03-03 23:48:00,MAQ-01,170,578.5973412122202,160.2262099201057,Standard,Running
2026-03-03 23:52:00,MAQ-02,170,700.0 m/min,200.76126429116474,Standard,Safety_Stop
2026-03-03 23:56:00,MAQ-01,175,600.1433205984416,192.83782732634106,Top Coated,Overheating
2026-03-04 00:00:00,MAQ-03,170,604.1767369848378,185.08259592995617,Std,Overheating
2026-03-04 00:04:00,MAQ-01,170,608.4699708768945,185.73595545805267,Std,Overheating
2026-03-04 00:08:00,MAQ-01,170,694.3145129632392,199.64262890358341,Standard,Safety_Stop
2026-03-04 00:12:00,MAQ-02,170,601.6465515535857,194.08366367863255,Standard,Overheating
2026-03-04 00:16:00,MAQ-02,170,596.105984569698,183.53678736942692,Standard,Running
2026-03-04 00:20:00,MAQ-03,170,615.9090490490452,187.92208341047137,Standard,Overheating
2026-03-04 00:24:00,MAQ-01,170,588.969765445295,175.82192049586155,Standard,Running
2026-03-04 00:28:00,MAQ-01,170,603.5902015255593,172.94958657287611,Standard,Running
2026-03-04 00:32:00,MAQ-01,170,590.1219116541198,170.1763376516879,Standard,Running
2026-03-04 00:36:00,MAQ-03,170,605.3477854580501,,Std,Running
2026-03-04 00:40:00,MAQ-03,170,589.6298243061224,165.7373721998079,Standard,Running
2026-03-04 00:44:00,MAQ-02,175,607.4381569850045,173.20390767172324,Top Coated,Running
2026-03-04 00:48:00,MAQ-02,170,601.1210494682451,173.18385363509162,Standard,Running
2026-03-04 00:52:00,MAQ-02,170,617.4463917325868,178.0637060833522,Standard,Running
2026-03-04 00:56:00,MAQ-01,175,597.1898035272842,174.616096982098,Top Coated,Running
2026-03-04 01:00:00,MAQ-01,170,604.2496611624755,174.24745954518863,Standard,Running
2026-03-04 01:04:00,MAQ-02,170,592.2034371953929,167.14600719089282,Standard,Running
2026-03-02 07:20:00,MAQ-03,170,599.5402999208286,177.50242441677085,Standard,Running
2026-03-02 03:16:00,MAQ-02,160,603.4281516240262,148.988192219793,eco,Running
2026-03-03 05:20:00,MAQ-02,170,602.4751191657621,156.051428237444,Standard,Running
2026-03-02 05:16:00,MAQ-03,170,592.5452650793789,161.52889975346196,Standard,Running
2026-03-01 03:08:00,MAQ-01,170,604.7808999662745,173.86812023839045,Standard,Running
2026-03-03 09:48:00,MAQ-03,170,602.285765275179,168.91120590316592,Standard,Running
2026-03-02 21:08:00,MAQ-01,170,592.385924567152,,Std,Running
2026-03-01 14:56:00,MAQ-01,170,682.7897278163078,199.68421762355982,Standard,Safety_Stop
2026-03-02 22:48:00,MAQ-01,170,21.599468573172043,158.60431617774978,Standard,Idle
2026-03-02 22:04:00,MAQ-01,175,600.1501922659429,179.71596884735686,Top Coated,Running
2026-03-03 22:20:00,MAQ-01,170,595.0764192600649,174.0632730919533,Std,Running
2026-03-03 08:44:00,MAQ-01,170,589.768044886817,153.05702159181556,Standard,Running
2026-03-01 21:24:00,MAQ-03,170,596.1352328274803,173.7746177856028,Standard,Running
2026-03-01 04:08:00,MAQ-02,170,585.5014343451909,167.8651848888806,Standard,Running
2026-03-03 07:24:00,MAQ-02,170,589.7378036125497,137.05843538314113,Standard,Running
